opcode	name	table	index
1	CreateNPC	B	0
2	SetObjState	B	3
3	SetNPCState	B	4
4	SetBaseTrigger	B	5
5	DelBaseTrigger	B	6
6	TalkTo	B	7
7	EquipNPC	B	2
8	CreateObj	B	1
9	StartScript	B	8
10	QuestDone	B	9
11	QuestNotDone	B	10
12	QuestInProgress	B	14
13	QuestNotInProgress	B	15
14	DeleteFunktionBlock	B	16
15	ExitQuest	B	12
16	MoveOver	B	13
17	AddExp	A	0
18	AddGold	A	1
19	AddGems	A	5
20	TriggerQuest	A	6
21	SetUpQuest	A	8
22	CallFunktion	A	11
23	DefPos	A	12
24	GroupIsDead	B	17
25	CheckForQuestPool	B	18
26	Text	B	19
35	FillRegion	B	20
36	AddHandel	A	14
37	SetRG	A	15
38	UnsetRG	A	16
45	StartPosition	A	17
46	Teleport	B	21
48	CreateTrigger	B	22
49	SetTriggerState	B	24
50	TriggerPatch	B	23
51	FillSector	B	25
52	SetHP	A	18
53	QuestBook	A	7
54	LoseQuest	B	11
55	DelNPC	B	26
55	DelOBJ	B	27
56	SetTimer	A	25
57	DelTimer	B	28
58	IF	B	29
59	ELSE	B	31
60	SetButton	A	26
61	ChDlgText	A	27
62	NOP	B	32
63	QuestKompassPos	A	9
64	QuestKompassObj	A	10
65	DefNum	A	13
66	ELSEIF	B	30
67	SetVar	A	4
68	SetVarBit	A	3
69	UnsetVarBit	A	2
70	SetFocus	B	33
71	NPC_TalkTo	B	34
72	NPC_Goto	B	35
73	SetGroupState	B	36
74	GroupGoto	B	37
75	IncVar	A	28
76	DecVar	A	29
77	UnTriggerQuest	B	38
78	FillChest	B	39
79	Morph	B	40
80	SetST	A	19
81	SetGS	A	20
82	SetWI	A	21
83	SetRP	A	22
84	SetRM	A	23
85	SetCH	A	24
86	SetIcon	A	30
87	SetQuestInfo	A	33
88	SetAnimMode	A	31
89	SetPlayMode	A	32
90	Wait	B	41
91	PlayAnim	B	42
92	Attack	B	43
93	ActObj	B	44
94	MouseEvent	B	45
95	Popup	A	34
96	ReplaceSpawn	B	46
97	SetMapIcon	A	35
98	SecInfo	B	47
99	Partikel	A	36
100	SpawnValues	A	37
103	SetCV	A	38
104	PlaySound	B	48
105	RndVar	A	39
106	SetRgnDialog	B	49
107	BalanceSpawnItem	A	40
108	AddPoolPos	A	41
109	GetPoolPos	A	42
110	RenPos	A	43
112	AddPoolRgn	A	44
113	GetPoolRgn	A	45
114	Waffenpool	B	50
115	MakeGroup	B	51
116	RegionChange	B	52
117	ActivateQuest	A	46
118	SetClientVars	A	47
119	GetClientVars	A	48
120	GameEnd	A	49
121	AutoSave	B	53
124	RegionFrei	A	50
125	Gewinn	A	51
126	RejectQuest	A	52
127	PlayMusic	A	53
128	PlayJingle	A	54
129	SetScriptSoundControle	A	55
130	Teleporter	A	56
131	GameActive	A	57
132	InfoPlayer	A	58
133	GetPoolPosition	B	54
134	SetCinemaMode	A	59
135	SetOnKill	B	55
136	SetOnCollect	B	56
137	SetDrop	B	57
138	GiveStat	B	58
139	GiveSkill	B	59
140	MachVersteck	A	60
