key	file_offset	global	store	parsed_at	n_consumers	consumers
BalanceDmg	4	0x08b8d2a0	FSTP	0x0812d3ca	26	FUN_0812cc3e@0812cc3e FUN_08136340@08136340 FUN_08138506@08138506 FUN_08181d84@08181d84 FUN_081a70da@081a70da FUN_081a92ce@081a92ce FUN_081a93a0@081a93a0 FUN_081b2268@081b2268 FUN_081f5ef6@081f5ef6 FUN_081f686a@081f686a FUN_081fb27e@081fb27e FUN_081fb312@081fb312 FUN_081fb3dc@081fb3dc FUN_081fb4a6@081fb4a6 FUN_081fb51e@081fb51e FUN_081fbb2c@081fbb2c FUN_08214fe6@08214fe6 FUN_0827afb6@0827afb6 FUN_082846b4@082846b4 FUN_08289496@08289496 FUN_082b5a1a@082b5a1a FUN_082c816c@082c816c FUN_08342c0c@08342c0c FUN_08372a68@08372a68 cCreature__vf02@081821ca cUI_MainMenu__vf10@08571e42
BalanceRes	8	0x08b8d2a4	FSTP	0x0812d417	1	FUN_081fbb2c@081fbb2c
BalanceMag	12	0x08b8d2a8	FSTP	0x0812d464	0	
BalanceResPh	16	0x08b8d2ac	FSTP	0x0812d4b1	2	FUN_0820ef48@0820ef48 FUN_08250244@08250244
BalanceResFe	20	0x08b8d2b0	FSTP	0x0812d4fe	1	FUN_0820ef48@0820ef48
BalanceResMa	24	0x08b8d2b4	FSTP	0x0812d54b	1	FUN_0820ef48@0820ef48
BalanceResGi	28	0x08b8d2b8	FSTP	0x0812d598	1	FUN_0820ef48@0820ef48
BalStatOff	32	0x08b8d2bc	FSTP	0x0812d5e5	1	FUN_0820ef48@0820ef48
BalCharPD	36	0x08b8d2c0	FSTP	0x0812d632	1	FUN_0820ef48@0820ef48
BalCharFD	40	0x08b8d2c4	FSTP	0x0812d67f	1	FUN_0820ef48@0820ef48
BalCharMD	44	0x08b8d2c8	FSTP	0x0812d6cc	1	FUN_0820ef48@0820ef48
BalCharGD	48	0x08b8d2cc	FSTP	0x0812d719	1	FUN_0820ef48@0820ef48
BalCharPR	52	0x08b8d2d0	FSTP	0x0812d766	1	FUN_0820ef48@0820ef48
BalCharFR	56	0x08b8d2d4	FSTP	0x0812d7b3	1	FUN_0820ef48@0820ef48
BalCharMR	60	0x08b8d2d8	FSTP	0x0812d800	1	FUN_0820ef48@0820ef48
BalCharGR	64	0x08b8d2dc	FSTP	0x0812d84d	1	FUN_0820ef48@0820ef48
WKoff	68	0x08b8d2e0	FSTP	0x0812d89a	8	FUN_081e13dc@081e13dc FUN_081f686a@081f686a FUN_081fb7d4@081fb7d4 FUN_08225b86@08225b86 FUN_083081b0@083081b0 FUN_0830c85e@0830c85e FUN_08386fae@08386fae FUN_08547966@08547966
MKoff	80	0x08b8d2ec	FSTP	0x0812d981	3	FUN_081f09a8@081f09a8 FUN_081f686a@081f686a FUN_08393b34@08393b34
FKoffAW	92	0x08b8d2f8	FSTP	0x0812da68	1	FUN_081f686a@081f686a
FK_s_AW	96	0x08b8d2fc	FSTP	0x0812dab5	1	FUN_081f686a@081f686a
FK_w_AW	100	0x08b8d300	FSTP	0x0812db02	1	FUN_081f686a@081f686a
FKoffSP	104	0x08b8d304	FSTP	0x0812db4f	1	FUN_081f686a@081f686a
FK_s_SP	108	0x08b8d308	FSTP	0x0812db9c	1	FUN_081f686a@081f686a
FK_w_SP	112	0x08b8d30c	FSTP	0x0812dbe9	1	FUN_081f686a@081f686a
SKoffAW	116	0x08b8d310	FSTP	0x0812dc36	1	FUN_081f686a@081f686a
SK_s_AW	120	0x08b8d314	FSTP	0x0812dc83	1	FUN_081f686a@081f686a
SK_w_AW	124	0x08b8d318	FSTP	0x0812dcd0	1	FUN_081f686a@081f686a
SKoffSP	128	0x08b8d31c	FSTP	0x0812dd1d	1	FUN_081f686a@081f686a
SK_s_SP	132	0x08b8d320	FSTP	0x0812dd6a	1	FUN_081f686a@081f686a
SK_w_SP	136	0x08b8d324	FSTP	0x0812ddb7	1	FUN_081f686a@081f686a
AKoffAW	140	0x08b8d328	FSTP	0x0812de04	1	FUN_081f686a@081f686a
AK_s_AW	144	0x08b8d32c	FSTP	0x0812de51	1	FUN_081f686a@081f686a
AK_w_AW	148	0x08b8d330	FSTP	0x0812de9e	1	FUN_081f686a@081f686a
AKoffSP	152	0x08b8d334	FSTP	0x0812deeb	1	FUN_081f686a@081f686a
AK_s_SP	156	0x08b8d338	FSTP	0x0812df38	1	FUN_081f686a@081f686a
AK_w_SP	160	0x08b8d33c	FSTP	0x0812df85	1	FUN_081f686a@081f686a
KKoffAW	164	0x08b8d340	FSTP	0x0812dfd2	1	FUN_081f686a@081f686a
KK_s_AW	168	0x08b8d344	FSTP	0x0812e01f	1	FUN_081f686a@081f686a
KK_w_AW	172	0x08b8d348	FSTP	0x0812e06c	1	FUN_081f686a@081f686a
KKoffSP	176	0x08b8d34c	FSTP	0x0812e0b9	1	FUN_081f686a@081f686a
KK_s_SP	180	0x08b8d350	FSTP	0x0812e106	1	FUN_081f686a@081f686a
KK_w_SP	184	0x08b8d354	FSTP	0x0812e153	1	FUN_081f686a@081f686a
STKoffAW	188	0x08b8d358	FSTP	0x0812e1a0	1	FUN_081f686a@081f686a
STK_s_AW	192	0x08b8d35c	FSTP	0x0812e1ed	1	FUN_081f686a@081f686a
STK_w_AW	196	0x08b8d360	FSTP	0x0812e23a	1	FUN_081f686a@081f686a
STKoffSP	200	0x08b8d364	FSTP	0x0812e287	1	FUN_081f686a@081f686a
STK_s_SP	204	0x08b8d368	FSTP	0x0812e2d4	1	FUN_081f686a@081f686a
STK_w_SP	208	0x08b8d36c	FSTP	0x0812e321	1	FUN_081f686a@081f686a
BKoffAW	212	0x08b8d370	FSTP	0x0812e36e	1	FUN_081f686a@081f686a
BK_s_AW	216	0x08b8d374	FSTP	0x0812e3bb	1	FUN_081f686a@081f686a
BK_w_AW	220	0x08b8d378	FSTP	0x0812e408	1	FUN_081f686a@081f686a
BKoffSP	224	0x08b8d37c	FSTP	0x0812e455	1	FUN_081f686a@081f686a
BK_s_SP	228	0x08b8d380	FSTP	0x0812e4a2	1	FUN_081f686a@081f686a
BK_w_SP	232	0x08b8d384	FSTP	0x0812e4ef	1	FUN_081f686a@081f686a
FEKoffAW	236	0x08b8d388	FSTP	0x0812e53c	2	FUN_081f686a@081f686a FUN_08205cee@08205cee
FEK_s_AW	240	0x08b8d38c	FSTP	0x0812e589	2	FUN_081f686a@081f686a FUN_08205cee@08205cee
FEK_w_AW	244	0x08b8d390	FSTP	0x0812e5d6	2	FUN_081f686a@081f686a FUN_08205cee@08205cee
FEKoffSP	248	0x08b8d394	FSTP	0x0812e623	3	FUN_081f64e8@081f64e8 FUN_081f686a@081f686a FUN_08205cee@08205cee
FEK_s_SP	252	0x08b8d398	FSTP	0x0812e670	3	FUN_081f64e8@081f64e8 FUN_081f686a@081f686a FUN_08205cee@08205cee
FEK_w_SP	256	0x08b8d39c	FSTP	0x0812e6bd	3	FUN_081f64e8@081f64e8 FUN_081f686a@081f686a FUN_08205cee@08205cee
HMoff	260	0x08b8d3a0	FSTP	0x0812e70a	1	FUN_081f686a@081f686a
HM__s	264	0x08b8d3a4	FSTP	0x0812e757	1	FUN_081f686a@081f686a
HM__w	268	0x08b8d3a8	FSTP	0x0812e7a4	1	FUN_081f686a@081f686a
FMoff	272	0x08b8d3ac	FSTP	0x0812e7f1	1	FUN_081f686a@081f686a
FM__s	276	0x08b8d3b0	FSTP	0x0812e83e	1	FUN_081f686a@081f686a
FM__w	280	0x08b8d3b4	FSTP	0x0812e88b	1	FUN_081f686a@081f686a
EMoff	284	0x08b8d3b8	FSTP	0x0812e8d8	1	FUN_081f686a@081f686a
EM__s	288	0x08b8d3bc	FSTP	0x0812e925	1	FUN_081f686a@081f686a
EM__w	292	0x08b8d3c0	FSTP	0x0812e972	1	FUN_081f686a@081f686a
WMoff	296	0x08b8d3c4	FSTP	0x0812e9bf	1	FUN_081f686a@081f686a
WM__s	300	0x08b8d3c8	FSTP	0x0812ea0c	1	FUN_081f686a@081f686a
WM__w	304	0x08b8d3cc	FSTP	0x0812ea59	1	FUN_081f686a@081f686a
LMoff	308	0x08b8d3d0	FSTP	0x0812eaa6	1	FUN_081f686a@081f686a
LM__s	312	0x08b8d3d4	FSTP	0x0812eaf3	1	FUN_081f686a@081f686a
LM__w	316	0x08b8d3d8	FSTP	0x0812eb40	1	FUN_081f686a@081f686a
MMoff	320	0x08b8d3dc	FSTP	0x0812eb8d	1	FUN_081f686a@081f686a
MM__s	324	0x08b8d3e0	FSTP	0x0812ebda	1	FUN_081f686a@081f686a
MM__w	328	0x08b8d3e4	FSTP	0x0812ec27	1	FUN_081f686a@081f686a
BAoff	332	0x08b8d3e8	FSTP	0x0812ec74	4	FUN_081f686a@081f686a FUN_08225b86@08225b86 FUN_08386fae@08386fae FUN_08547966@08547966
BA__s	336	0x08b8d3ec	FSTP	0x0812ecc1	4	FUN_081f686a@081f686a FUN_08225b86@08225b86 FUN_08386fae@08386fae FUN_08547966@08547966
BA__w	340	0x08b8d3f0	FSTP	0x0812ed0e	4	FUN_081f686a@081f686a FUN_08225b86@08225b86 FUN_08386fae@08386fae FUN_08547966@08547966
BLoff	344	0x08b8d3f4	FSTP	0x0812ed5b	1	FUN_081f686a@081f686a
BL__s	348	0x08b8d3f8	FSTP	0x0812eda8	1	FUN_081f686a@081f686a
BL__w	352	0x08b8d3fc	FSTP	0x0812edf5	1	FUN_081f686a@081f686a
KOoff	356	0x08b8d400	FSTP	0x0812ee42	1	FUN_081f686a@081f686a
KO__s	360	0x08b8d404	FSTP	0x0812ee8f	1	FUN_081f686a@081f686a
KO__w	364	0x08b8d408	FSTP	0x0812eedc	1	FUN_081f686a@081f686a
Medoff	368	0x08b8d40c	FSTP	0x0812ef29	1	FUN_081f686a@081f686a
Med__s	372	0x08b8d410	FSTP	0x0812ef76	1	FUN_081f686a@081f686a
Med__w	376	0x08b8d414	FSTP	0x0812efc3	1	FUN_081f686a@081f686a
WoffAW	380	0x08b8d418	FSTP	0x0812f010	1	FUN_081f686a@081f686a
W__sAW	384	0x08b8d41c	FSTP	0x0812f05d	1	FUN_081f686a@081f686a
W__wAW	388	0x08b8d420	FSTP	0x0812f0aa	1	FUN_081f686a@081f686a
WoffVW	392	0x08b8d424	FSTP	0x0812f0f7	1	FUN_081f686a@081f686a
W__sVW	396	0x08b8d428	FSTP	0x0812f144	1	FUN_081f686a@081f686a
W__wVW	400	0x08b8d42c	FSTP	0x0812f191	1	FUN_081f686a@081f686a
HRoffAW	404	0x08b8d430	FSTP	0x0812f1de	1	FUN_081f686a@081f686a
HR__sAW	408	0x08b8d434	FSTP	0x0812f22b	1	FUN_081f686a@081f686a
HR__wAW	412	0x08b8d438	FSTP	0x0812f278	1	FUN_081f686a@081f686a
HPoffVW	416	0x08b8d43c	FSTP	0x0812f2c5	2	FUN_081f5ef6@081f5ef6 FUN_081f686a@081f686a
HP__sVW	420	0x08b8d440	FSTP	0x0812f312	2	FUN_081f5ef6@081f5ef6 FUN_081f686a@081f686a
HP__wVW	424	0x08b8d444	FSTP	0x0812f35f	2	FUN_081f5ef6@081f5ef6 FUN_081f686a@081f686a
PoffS	440	0x08b8d454	FSTP	0x0812f3ac	1	FUN_081f686a@081f686a
P__sS	444	0x08b8d458	FSTP	0x0812f3f9	1	FUN_081f686a@081f686a
P__wS	448	0x08b8d45c	FSTP	0x0812f446	1	FUN_081f686a@081f686a
UpgradeDrop	1788	0x08b8d998	FSTP	0x0812f57a	3	FUN_081b1dfa@081b1dfa FUN_0824c9b8@0824c9b8 FUN_082b5a1a@082b5a1a
GameSpeed	1792	0x08b8d99c	FSTP	0x0812f5c7	2	FUN_08110780@08110780 FUN_08245bf6@08245bf6
WurfWarsch	1796	0x08b8d9a0	FSTP	0x0812f614	1	FUN_081b2268@081b2268
WurfMulti	1800	0x08b8d9a4	FSTP	0x0812f661	0	
WurfBoss	1804	0x08b8d9a8	FSTP	0x0812f6ae	1	FUN_081b2268@081b2268
HarteSau	1808	0x08b8d9ac	FSTP	0x0812f6fb	1	FUN_0827afb6@0827afb6
RoffPh	452	0x08b8d460	FSTP	0x0812f748	2	FUN_081f686a@081f686a FUN_08205cee@08205cee
R__sPh	456	0x08b8d464	FSTP	0x0812f795	2	FUN_081f686a@081f686a FUN_08205cee@08205cee
R__wPh	460	0x08b8d468	FSTP	0x0812f7e2	2	FUN_081f686a@081f686a FUN_08205cee@08205cee
RoffFe	464	0x08b8d46c	FSTP	0x0812f82f	2	FUN_081f686a@081f686a FUN_08205cee@08205cee
R__sFe	468	0x08b8d470	FSTP	0x0812f87c	2	FUN_081f686a@081f686a FUN_08205cee@08205cee
R__wFe	472	0x08b8d474	FSTP	0x0812f8c9	2	FUN_081f686a@081f686a FUN_08205cee@08205cee
RoffMa	476	0x08b8d478	FSTP	0x0812f916	2	FUN_081f686a@081f686a FUN_08205cee@08205cee
R__sMa	480	0x08b8d47c	FSTP	0x0812f963	2	FUN_081f686a@081f686a FUN_08205cee@08205cee
R__wMa	484	0x08b8d480	FSTP	0x0812f9b0	2	FUN_081f686a@081f686a FUN_08205cee@08205cee
RoffGi	488	0x08b8d484	FSTP	0x0812f9fd	2	FUN_081f686a@081f686a FUN_08205cee@08205cee
R__sGi	492	0x08b8d488	FSTP	0x0812fa4a	2	FUN_081f686a@081f686a FUN_08205cee@08205cee
R__wGi	496	0x08b8d48c	FSTP	0x0812fa97	2	FUN_081f686a@081f686a FUN_08205cee@08205cee
RoffSP	500	0x08b8d490	FSTP	0x0812fae4	2	FUN_081f686a@081f686a FUN_08205cee@08205cee
R_s_SP	504	0x08b8d494	FSTP	0x0812fb31	2	FUN_081f686a@081f686a FUN_08205cee@08205cee
R_w_SP	508	0x08b8d498	FSTP	0x0812fb7e	2	FUN_081f686a@081f686a FUN_08205cee@08205cee
NewSkill		0x08b8d950	MOV	0x0812fbd1	0	
HP_s1	740	0x08b8d580	FSTP	0x0812fc26	1	FUN_081f5ef6@081f5ef6
HP_w1	744	0x08b8d584	FSTP	0x0812fc73	1	FUN_081f5ef6@081f5ef6
HP_s2	748	0x08b8d588	FSTP	0x0812fcc7	1	FUN_081f5ef6@081f5ef6
HP_w2	752	0x08b8d58c	FSTP	0x0812fd14	1	FUN_081f5ef6@081f5ef6
HP_s3	756	0x08b8d590	FSTP	0x0812fd68	1	FUN_081f5ef6@081f5ef6
HP_w3	760	0x08b8d594	FSTP	0x0812fdb5	1	FUN_081f5ef6@081f5ef6
HP_s4	764	0x08b8d598	FSTP	0x0812fe09	0	
HP_w4	768	0x08b8d59c	FSTP	0x0812fe56	0	
HP_s5	772	0x08b8d5a0	FSTP	0x0812feaa	0	
HP_w5	776	0x08b8d5a4	FSTP	0x0812fef7	0	
Respawn	1956	0x08b8da40	FSTP	0x0812ff44	2	FUN_080d8ab6@080d8ab6 FUN_0827afb6@0827afb6
DungeonRespawn	2512	0x08b8dc6c	FSTP	0x0812ff91	1	FUN_0827afb6@0827afb6
RegFakHero	1960	0x08b8da44	FSTP	0x0812ffde	1	FUN_081f2086@081f2086
DropAll	1964	0x08b8da48	MOV	0x0813002a	1	cCreature__vf07@0816d8ec
RunenProLevel_G	2068	0x08b8dab0	FSTP	0x08130076	2	FUN_081b199c@081b199c FUN_081b1dfa@081b1dfa
RunenProLevel_S	2072	0x08b8dab4	FSTP	0x081300c3	2	FUN_081b199c@081b199c FUN_081b1dfa@081b1dfa
RunenProLevel_E	2076	0x08b8dab8	FSTP	0x08130110	2	FUN_081b199c@081b199c FUN_081b1dfa@081b1dfa
RunenProLevel_D	2080	0x08b8dabc	FSTP	0x0813015d	3	FUN_081b199c@081b199c FUN_081b1dfa@081b1dfa FUN_0820ef48@0820ef48
RunenProLevel_M	2084	0x08b8dac0	FSTP	0x081301aa	2	FUN_081b199c@081b199c FUN_081b1dfa@081b1dfa
RunenProLevel_V	2088	0x08b8dac4	FSTP	0x081301f7	2	FUN_081b199c@081b199c FUN_081b1dfa@081b1dfa
RunenProLevel_T	2092	0x08b8dac8	FSTP	0x08130244	1	FUN_081b1dfa@081b1dfa
RunenProLevel_Z	2096	0x08b8dacc	FSTP	0x08130291	1	FUN_081b1dfa@081b1dfa
LevelUpBoss	2236	0x08b8db58	MOV	0x081302dd	2	FUN_081a70da@081a70da FUN_081f5014@081f5014
LevelUpChamp	2240	0x08b8db5c	MOV	0x08130328	2	FUN_081a70da@081a70da FUN_081f5014@081f5014
HPFakBoss	2244	0x08b8db60	FSTP	0x08130374	1	FUN_081f5ef6@081f5ef6
HPFakChamp	2248	0x08b8db64	FSTP	0x081303c1	1	FUN_081f5ef6@081f5ef6
VWFakBoss	2252	0x08b8db68	FSTP	0x0813040e	2	FUN_081fbb2c@081fbb2c cCreature__vf07@0816d8ec
VWFakChamp	2256	0x08b8db6c	FSTP	0x0813045b	2	FUN_081fbb2c@081fbb2c cCreature__vf07@0816d8ec
AWFakBoss	2260	0x08b8db70	FSTP	0x081304a8	2	FUN_081fbb2c@081fbb2c cCreature__vf07@0816d8ec
AWFakChamp	2264	0x08b8db74	FSTP	0x081304f5	2	FUN_081fbb2c@081fbb2c cCreature__vf07@0816d8ec
GoldXLev	2300	0x08b8db98	FSTP	0x08130542	1	FUN_0815c162@0815c162
GoldX2Lev	2304	0x08b8db9c	FSTP	0x0813058f	1	FUN_0815c162@0815c162
DropWaffe	2208	0x08b8db3c	MOV	0x081305db	1	FUN_081b2268@081b2268
DropRuestung	2212	0x08b8db40	MOV	0x08130626	1	FUN_081b2268@081b2268
DropGold	2216	0x08b8db44	MOV	0x08130671	1	FUN_081b2268@081b2268
DropSonst	2220	0x08b8db48	MOV	0x081306bc	0	
DropSaft	2232	0x08b8db54	MOV	0x08130707	1	FUN_081b2268@081b2268
FernAWMin	2276	0x08b8db80	MOV	0x08130752	1	FUN_081fbb2c@081fbb2c
FernAWMax	2280	0x08b8db84	MOV	0x0813079d	1	FUN_081fbb2c@081fbb2c
FernAWProz	2284	0x08b8db88	FSTP	0x081307e9	1	FUN_081fbb2c@081fbb2c
RegInFight	2288	0x08b8db8c	FISTP	0x0813092d	1	FUN_081f2086@081f2086
RegEnemyNear	2292	0x08b8db90	FISTP	0x0813098d	1	FUN_081f2086@081f2086
RegNoEnemy	2296	0x08b8db94	FISTP	0x081309ed	1	FUN_081f2086@081f2086
shaddar_slave_dmg_ph	2412	0x08b8dc08	FSTP	0x08130a3d	1	FUN_08386fae@08386fae
shaddar_slave_dmg_ma	2416	0x08b8dc0c	FSTP	0x08130a8a	1	FUN_08386fae@08386fae
shaddar_slave_dmg_fi	2420	0x08b8dc10	FSTP	0x08130ad7	1	FUN_08386fae@08386fae
shaddar_slave_dmg_po	2424	0x08b8dc14	FSTP	0x08130b24	1	FUN_08386fae@08386fae
shaddar_slave_speed	2428	0x08b8dc18	FSTP	0x08130b71	2	cParticleSystem_shaddar_slave__vf03@0848e44a cParticleSystem_shaddar_slave__vf05@0848e888
dragonfire_dmg_ph	4344	0x08b8e394	FSTP	0x08130bbe	1	FUN_08386fae@08386fae
dragonfire_dmg_po	4352	0x08b8e39c	FSTP	0x08130c0b	1	FUN_08386fae@08386fae
dragonfire_dmg_fi	4348	0x08b8e398	FSTP	0x08130c58	1	FUN_08386fae@08386fae
dragonfire_dmg_ma	4356	0x08b8e3a0	FSTP	0x08130ca5	1	FUN_08386fae@08386fae
dryadghost_dmg_ph	4360	0x08b8e3a4	FSTP	0x08130cf2	1	FUN_08386fae@08386fae
dryadghost_dmg_po	4368	0x08b8e3ac	FSTP	0x08130d3f	1	FUN_08386fae@08386fae
dryadghost_dmg_fi	4364	0x08b8e3a8	FSTP	0x08130d8c	1	FUN_08386fae@08386fae
dryadghost_dmg_ma	4372	0x08b8e3b0	FSTP	0x08130dd9	1	FUN_08386fae@08386fae
Multipfeil	4340	0x08b8e390	FSTP	0x08130e26	1	FUN_081fbb2c@081fbb2c
MultipfeilSP	4376	0x08b8e3b4	FSTP	0x08130e73	0	
TransSize	2404	0x08b8dc00	FSTP	0x08130ec0	2	FUN_080e6332@080e6332 FUN_080e8c86@080e8c86
TransValu	2408	0x08b8dc04	FSTP	0x08130f0d	2	FUN_080e6332@080e6332 FUN_080e8c86@080e8c86
Teambonus	4380	0x08b8e3b8	FSTP	0x08130f5a	2	FUN_082c816c@082c816c cCreature__vf07@0816d8ec
SpawnAnimalsSP	2432	0x08b8dc1c	FSTP	0x08130fa7	1	FUN_0827afb6@0827afb6
SpawnAnimalsMP	2436	0x08b8dc20	FSTP	0x08130ff4	1	FUN_0827afb6@0827afb6
SpawnEnemysSP	2440	0x08b8dc24	FSTP	0x08131041	1	FUN_0827afb6@0827afb6
SpawnEnemysMP	2444	0x08b8dc28	FSTP	0x0813108e	1	FUN_0827afb6@0827afb6
840_Glckskind	2308	0x08b8dba0	MOV	0x081310da	2	FUN_0836feb4@0836feb4 FUN_08373966@08373966
841_Blutdurst	2312	0x08b8dba4	MOV	0x08131125	2	FUN_0836feb4@0836feb4 FUN_08373966@08373966
842_Schmerz	2316	0x08b8dba8	MOV	0x08131170	2	FUN_0836feb4@0836feb4 FUN_08373966@08373966
843_erkenntniss	2320	0x08b8dbac	MOV	0x081311bb	2	FUN_0836feb4@0836feb4 FUN_08373966@08373966
846_Zerteilen	2324	0x08b8dbb0	MOV	0x08131206	2	FUN_0836feb4@0836feb4 FUN_08373966@08373966
852_schreken	2328	0x08b8dbb4	MOV	0x08131251	2	FUN_0836feb4@0836feb4 FUN_08373966@08373966
853_Weitsicht	2332	0x08b8dbb8	MOV	0x0813129c	2	FUN_0836feb4@0836feb4 FUN_08373966@08373966
854_Knockback	2336	0x08b8dbbc	MOV	0x081312e7	2	FUN_0836feb4@0836feb4 FUN_08373966@08373966
855_Fluggegner	2340	0x08b8dbc0	MOV	0x08131332	2	FUN_0836feb4@0836feb4 FUN_08373966@08373966
856_Diebesgut	2344	0x08b8dbc4	MOV	0x0813137d	2	FUN_0836feb4@0836feb4 FUN_08373966@08373966
857_OffeneWunden	2348	0x08b8dbc8	MOV	0x081313c8	2	FUN_0836feb4@0836feb4 FUN_08373966@08373966
859_Kritischer	2352	0x08b8dbcc	MOV	0x08131413	2	FUN_0836feb4@0836feb4 FUN_08373966@08373966
865_licht	2356	0x08b8dbd0	MOV	0x0813145e	2	FUN_0836feb4@0836feb4 FUN_08373966@08373966
866_Gold_statt_Leben	2360	0x08b8dbd4	MOV	0x081314a9	2	FUN_0836feb4@0836feb4 FUN_08373966@08373966
867_Tollwut	2364	0x08b8dbd8	MOV	0x081314f4	2	FUN_0836feb4@0836feb4 FUN_08373966@08373966
864_Metzger	2368	0x08b8dbdc	MOV	0x0813153f	2	FUN_0836feb4@0836feb4 FUN_08373966@08373966
849_Erprobung	2372	0x08b8dbe0	MOV	0x0813158a	2	FUN_0836feb4@0836feb4 FUN_08373966@08373966
845_Konzentration	2376	0x08b8dbe4	MOV	0x081315d5	2	FUN_0836feb4@0836feb4 FUN_08373966@08373966
844_Weisheit	2380	0x08b8dbe8	MOV	0x08131620	2	FUN_0836feb4@0836feb4 FUN_08373966@08373966
847_Schutzgeist	2384	0x08b8dbec	MOV	0x0813166b	2	FUN_0836feb4@0836feb4 FUN_08373966@08373966
848_Agilitat	2388	0x08b8dbf0	MOV	0x081316b6	2	FUN_0836feb4@0836feb4 FUN_08373966@08373966
850_Nachtschicht	2392	0x08b8dbf4	MOV	0x08131701	2	FUN_0836feb4@0836feb4 FUN_08373966@08373966
851_Tag	2396	0x08b8dbf8	MOV	0x0813174c	2	FUN_0836feb4@0836feb4 FUN_08373966@08373966
GoldProLevel	2224	0x08b8db4c	MOV	0x081317b3	2	FUN_081b2268@081b2268 FUN_082b5a1a@082b5a1a
ObereEXPAnteil	2472	0x08b8dc44	FSTP	0x08131810	0	
UnterExpAnteil	2476	0x08b8dc48	FSTP	0x0813185d	5	FUN_08195c42@08195c42 FUN_081a78fe@081a78fe FUN_081c92ae@081c92ae FUN_081fbb2c@081fbb2c cCreature__vf06@082e2782
ObereEXPVoll	2480	0x08b8dc4c	FSTP	0x081318aa	6	FUN_081a78fe@081a78fe FUN_081b2268@081b2268 FUN_081c92ae@081c92ae FUN_081fbb2c@081fbb2c cCreature__vf06@082e2782 cCreature__vf07@0816d8ec
UnterExpVoll	2484	0x08b8dc50	FSTP	0x081318f7	5	FUN_08195c42@08195c42 FUN_081a78fe@081a78fe FUN_081c92ae@081c92ae FUN_081fbb2c@081fbb2c cCreature__vf06@082e2782
WaffenAll	1968	0x08b8da4c	FSTP	0x08131a98	1	FUN_081fb312@081fb312
FernAll	1988	0x08b8da60	FSTP	0x08131b79	0	
RuestAll	2008	0x08b8da74	FSTP	0x08131c5a	1	FUN_081fb3dc@081fb3dc
MagieAll	2028	0x08b8da88	FSTP	0x08131d3b	1	FUN_081fb27e@081fb27e
AllOverLv	2048	0x08b8da9c	MOV	0x08131e1b	3	FUN_081fb27e@081fb27e FUN_081fb312@081fb312 FUN_081fb3dc@081fb3dc
ProzAW	1812	0x08b8d9b0	FSTP	0x08131efc	3	FUN_081fb4a6@081fb4a6 FUN_081fb51e@081fb51e FUN_081fbb2c@081fbb2c
ProzHP	1836	0x08b8d9c8	FSTP	0x08131fdd	1	FUN_081f5ef6@081f5ef6
ProzDmg	1860	0x08b8d9e0	FSTP	0x081320be	1	FUN_081fbb2c@081fbb2c
ProzRes	1884	0x08b8d9f8	FSTP	0x0813219f	0	
ProzExp	1908	0x08b8da10	FSTP	0x08132280	1	FUN_08214596@08214596
LevelKap	2448	0x08b8dc2c	MOV	0x08132377	3	FUN_08214596@08214596 FUN_0827afb6@0827afb6 FUN_082b5a1a@082b5a1a
StartLevMulti	2488	0x08b8dc54	MOV	0x08132457	5	FUN_0840b84a@0840b84a FUN_085b5084@085b5084 FUN_085b51b6@085b51b6 FUN_085c862a@085c862a FUN_085c8d9a@085c8d9a
OffLevel	1932	0x08b8da28	FISTP	0x08132548	1	FUN_0827afb6@0827afb6
OffLevelProz	4540	0x08b8e458	FISTP	0x0813263c	3	FUN_081a92ce@081a92ce FUN_081a93a0@081a93a0 FUN_081b2268@081b2268
BaseOffLevel	4564	0x08b8e470	FISTP	0x08132730	2	FUN_081a93a0@081a93a0 FUN_081b2268@081b2268
PriceDmg:	520	0x08b8d4a4	FSTP	0x08132890	2	FUN_0836feb4@0836feb4 FUN_08373966@08373966
PriceRes:	532	0x08b8d4b0	FSTP	0x08132924	2	FUN_0836feb4@0836feb4 FUN_08373966@08373966
PriceDPh	716	0x08b8d568	FSTP	0x08132996	2	FUN_0836feb4@0836feb4 FUN_08373966@08373966
PriceDFe	644	0x08b8d520	FSTP	0x081329de	2	FUN_0836feb4@0836feb4 FUN_08373966@08373966
PriceDMa	668	0x08b8d538	FSTP	0x08132a26	2	FUN_0836feb4@0836feb4 FUN_08373966@08373966
PriceDGi	692	0x08b8d550	FSTP	0x08132a6e	2	FUN_0836feb4@0836feb4 FUN_08373966@08373966
PriceRPh	728	0x08b8d574	FSTP	0x08132ab6	2	FUN_0836feb4@0836feb4 FUN_08373966@08373966
PriceRFe	656	0x08b8d52c	FSTP	0x08132afe	2	FUN_0836feb4@0836feb4 FUN_08373966@08373966
PriceRMa	680	0x08b8d544	FSTP	0x08132b46	2	FUN_0836feb4@0836feb4 FUN_08373966@08373966
PriceRGi	704	0x08b8d55c	FSTP	0x08132b8e	2	FUN_0836feb4@0836feb4 FUN_08373966@08373966
PriceBoni:	544	0x08b8d4bc	FSTP	0x08132c82	2	FUN_0836feb4@0836feb4 FUN_08373966@08373966
PrieUnic:	572	0x08b8d4d8	FSTP	0x08132d36	0	
PriceSlot:	588	0x08b8d4e8	FSTP	0x08132e73	0	
PriceLevel:	608	0x08b8d4fc	FSTP	0x08132f32	0	
PriceAwVw:	620	0x08b8d508	FSTP	0x08133030	2	FUN_0836feb4@0836feb4 FUN_08373966@08373966
SpawnWeaponMin	512	0x08b8d49c	FSTP	0x081330e5	6	FUN_081a5bea@081a5bea FUN_08355cc4@08355cc4 FUN_08356e1a@08356e1a FUN_0836feb4@0836feb4 FUN_08372056@08372056 cWeapon3D__vf13@0836835c
SpawnWeaponMax	516	0x08b8d4a0	FSTP	0x08133132	8	FUN_081a5bea@081a5bea FUN_08355cc4@08355cc4 FUN_08356e1a@08356e1a FUN_08357d78@08357d78 FUN_083583e4@083583e4 FUN_0836feb4@0836feb4 FUN_08372056@08372056 cWeapon3D__vf13@0836835c
skilllearn1	780	0x08b8d5a8	MOV	0x0813317e	1	FUN_08214fe6@08214fe6
skilllearn2	784	0x08b8d5ac	MOV	0x081331c9	1	FUN_08214fe6@08214fe6
skilllearn3	788	0x08b8d5b0	MOV	0x08133214	0	
skilllearn4	792	0x08b8d5b4	MOV	0x0813325f	0	
skilllearn5	796	0x08b8d5b8	MOV	0x081332aa	0	
skilllearn6	800	0x08b8d5bc	MOV	0x081332f5	0	
lotto2	1704	0x08b8d944	MOV	0x08133340	0	
lotto3	1708	0x08b8d948	MOV	0x0813338b	0	
lotto4	1712	0x08b8d94c	MOV	0x081333d6	0	
equip		0x08b8d5c0	MOV	0x081335da	1	FUN_080b8f26@080b8f26
inventory	1444	0x08b8d840	MOV	0x08133802	1	FUN_080b8f26@080b8f26
RareGegen	2516	0x08b8dc70	FSTP	0x08133850	2	FUN_0813dd02@0813dd02 FUN_0836d33c@0836d33c
RareHeroReiter	2520	0x08b8dc74	FSTP	0x0813389d	2	FUN_0813dd02@0813dd02 FUN_0836d33c@0836d33c
RareDurch	2524	0x08b8dc78	FSTP	0x081338ea	2	FUN_0813dd02@0813dd02 FUN_0836d33c@0836d33c
RareSlotBronze	4328	0x08b8e384	FSTP	0x08133937	4	FUN_0813dd02@0813dd02 FUN_0836ef60@0836ef60 FUN_0836feb4@0836feb4 FUN_08373966@08373966
RareSlotSilber	4332	0x08b8e388	FSTP	0x08133984	4	FUN_0813dd02@0813dd02 FUN_0836ef60@0836ef60 FUN_0836feb4@0836feb4 FUN_08373966@08373966
RareSlotGold	4336	0x08b8e38c	FSTP	0x081339d1	4	FUN_0813dd02@0813dd02 FUN_0836ef60@0836ef60 FUN_0836feb4@0836feb4 FUN_08373966@08373966
MinLevelFactor	4384	0x08b8e3bc	FSTP	0x08133bb4	4	FUN_081b2268@081b2268 FUN_0835413a@0835413a FUN_0836feb4@0836feb4 FUN_08372056@08372056
PotionOfMentorPercent	4388	0x08b8e3c0	FSTP	0x08133c07	1	cCreature__vf07@0816d8ec
BluePotionSmallDur	4392	0x08b8e3c4	FSTP	0x08133ca4	1	cPotion3D__vf07@08363484
BluePotionMediumDur	4412	0x08b8e3d8	FSTP	0x08133d85	1	cPotion3D__vf07@08363484
BluePotionLargeDur	4432	0x08b8e3ec	FSTP	0x08133e66	1	cPotion3D__vf07@08363484
PotionOfUndeadDeathPercent	4452	0x08b8e400	FSTP	0x08133efd	1	cCreature__vf07@0816d8ec
BlackPotionSmallDur	4456	0x08b8e404	FSTP	0x08133f9a	1	cPotion3D__vf07@08363484
BlackPotionMediumDur	4476	0x08b8e418	FSTP	0x0813407b	1	cPotion3D__vf07@08363484
BlackPotionLargeDur	4496	0x08b8e42c	FSTP	0x0813415c	1	cPotion3D__vf07@08363484
BalanceGeschick	4516	0x08b8e440	FSTP	0x08134203	7	FUN_081e13dc@081e13dc FUN_081fb7d4@081fb7d4 FUN_08225b86@08225b86 FUN_083081b0@083081b0 FUN_0830c85e@0830c85e FUN_08386fae@08386fae FUN_08547966@08547966
RuneInventoryFactor	4520	0x08b8e444	FSTP	0x08134360	1	FUN_081b1dfa@081b1dfa
RunesPerBoss	4524	0x08b8e448	FSTP	0x081343f8	1	FUN_081b1dfa@081b1dfa
RuneChanceFactorMax	4528	0x08b8e44c	FSTP	0x08134490	1	FUN_081b1dfa@081b1dfa
SlotFeasibility2	4536	0x08b8e454	MOV	0x081345db	1	FUN_0836ef60@0836ef60
SlotFeasibility	4532	0x08b8e450	MOV	0x08134671	2	FUN_0836ef60@0836ef60 FUN_08591e04@08591e04
WurfAnzahl	4588	0x08b8e488	MOV	0x08134707	1	cCreature__vf07@0816d8ec
PricePromille	4592	0x08b8e48c	FSTP	0x081347af	2	FUN_0836feb4@0836feb4 FUN_08373966@08373966
HealingPotion	4596	0x08b8e490	MOV	0x0813483b	3	FUN_08342c0c@08342c0c FUN_083633ba@083633ba cPotion3D__vf07@08363484
PotionDiv	4608	0x08b8e49c	MOV	0x08134927	4	FUN_081f1ca2@081f1ca2 FUN_08342c0c@08342c0c FUN_083633ba@083633ba cPotion3D__vf07@08363484
SpellFakBoss	4628	0x08b8e4b0	FSTP	0x081349d4	1	FUN_0821920e@0821920e
SpellFakChamp	4632	0x08b8e4b4	FSTP	0x08134a21	1	FUN_0821920e@0821920e
ITBonus_BIG_DEMON	4648	0x08b8e4c4	MOV	0x08134be1	1	cCreature__vf07@0816d8ec
ITBonus_DRAGON	4652	0x08b8e4c8	MOV	0x08134c2c	1	cCreature__vf07@0816d8ec
ITBonus_DRAGON_ICE	4656	0x08b8e4cc	MOV	0x08134c77	1	cCreature__vf07@0816d8ec
ITBonus_DRAGON_ICE03	4664	0x08b8e4d4	MOV	0x08134cc2	1	cCreature__vf07@0816d8ec
ITBonus_DRAGON_UNDEAD	4660	0x08b8e4d0	MOV	0x08134d0d	1	cCreature__vf07@0816d8ec
ITBonus_DRAGON_LOROMIR	4668	0x08b8e4d8	MOV	0x08134d58	1	cCreature__vf07@0816d8ec
ITBonus_DRAGON_SIRITHCAM	4672	0x08b8e4dc	MOV	0x08134da3	1	cCreature__vf07@0816d8ec
ITBonus_DRAGON_SWAMP02	4676	0x08b8e4e0	MOV	0x08134dee	1	cCreature__vf07@0816d8ec
ITBonus_MEDUSA	4680	0x08b8e4e4	MOV	0x08134e39	1	cCreature__vf07@0816d8ec
ITBonus_GIANT_SPIDER	4688	0x08b8e4ec	MOV	0x08134e84	1	cCreature__vf07@0816d8ec
ITThrowCountBonusChamp	4692	0x08b8e4f0	MOV	0x08134ecf	1	cCreature__vf07@0816d8ec
ITThrowCountBonusBoss	4696	0x08b8e4f4	MOV	0x08134f1a	1	cCreature__vf07@0816d8ec
ITBonusChamp	4704	0x08b8e4fc	MOV	0x08134f65	1	cCreature__vf07@0816d8ec
ITBonusBoss	4700	0x08b8e4f8	MOV	0x08134fb0	1	cCreature__vf07@0816d8ec
SlotProbBonusMerchant	4708	0x08b8e500	MOV	0x08134ffb	1	FUN_08591e04@08591e04
TollwutFactor	4716	0x08b8e508	FSTP	0x081350c3	1	FUN_081fbb2c@081fbb2c
MPThrowfactor	4720	0x08b8e50c	FSTP	0x08135129	1	FUN_081b2268@081b2268
Kampfdaemonbremse	4724	0x08b8e510	MOV	0x081351a7	2	FUN_0821fed2@0821fed2 FUN_0821ff92@0821ff92
HorseOverrideTime	4728	0x08b8e514	FSTP	0x0813532c	1	FUN_081a9cbc@081a9cbc
SchreckenBase	4732	0x08b8e518	MOV	0x08135378	1	FUN_0823164e@0823164e
HOMoff	4736	0x08b8e51c	FSTP	0x081353c4	1	FUN_081f686a@081f686a
HOM__s	4740	0x08b8e520	FSTP	0x08135411	1	FUN_081f686a@081f686a
HOM__w	4744	0x08b8e524	FSTP	0x0813545e	1	FUN_081f686a@081f686a
WToff	4748	0x08b8e528	FSTP	0x081354ab	1	FUN_081f686a@081f686a
WT__s	4752	0x08b8e52c	FSTP	0x081354f8	1	FUN_081f686a@081f686a
WT__w	4756	0x08b8e530	FSTP	0x08135545	1	FUN_081f686a@081f686a
WToffAW	4760	0x08b8e534	FSTP	0x08135592	0	
WT_s_AW	4764	0x08b8e538	FSTP	0x081355df	0	
WT_w_AW	4768	0x08b8e53c	FSTP	0x0813562c	0	
WToffSP	4772	0x08b8e540	FSTP	0x08135679	0	
WT_s_SP	4776	0x08b8e544	FSTP	0x081356c6	0	
WT_w_SP	4780	0x08b8e548	FSTP	0x08135713	0	
ZKoff		0x08b8e528	FSTP	0x08135760	1	FUN_081f686a@081f686a
ZK__s		0x08b8e52c	FSTP	0x081357ad	1	FUN_081f686a@081f686a
ZK__w		0x08b8e530	FSTP	0x081357fa	1	FUN_081f686a@081f686a
Painkiller	4796	0x08b8e558	FSTP	0x0813596d	1	FUN_081fbb2c@081fbb2c
LeechWithDist	4812	0x08b8e568	MOV	0x08135a87	1	FUN_081fbb2c@081fbb2c
spiderpuke_dmg_ph	4816	0x08b8e56c	FSTP	0x08135ad3	1	FUN_081e13dc@081e13dc
spiderpuke_dmg_fi	4820	0x08b8e570	FSTP	0x08135b20	1	FUN_081e13dc@081e13dc
spiderpuke_dmg_ma	4824	0x08b8e574	FSTP	0x08135b6d	1	FUN_081e13dc@081e13dc
spiderpuke_dmg_po	4828	0x08b8e578	FSTP	0x08135bba	1	FUN_081e13dc@081e13dc
demonspiderpuke_dmg_ph	4832	0x08b8e57c	FSTP	0x08135c07	1	FUN_081e13dc@081e13dc
demonspiderpuke_dmg_fi	4836	0x08b8e580	FSTP	0x08135c54	1	FUN_081e13dc@081e13dc
demonspiderpuke_dmg_ma	4840	0x08b8e584	FSTP	0x08135ca1	1	FUN_081e13dc@081e13dc
demonspiderpuke_dmg_po	4844	0x08b8e588	FSTP	0x08135cee	1	FUN_081e13dc@081e13dc
SleepIdleSetIdleChance	4848	0x08b8e58c	MOV	0x08135d3a	1	FUN_081d92e4@081d92e4
JumboComboCocktail	4852	0x08b8e590	FSTP	0x08135d86	1	FUN_081f1ca2@081f1ca2
ComboCocktail	4856	0x08b8e594	FSTP	0x08135dd3	1	FUN_081f1ca2@081f1ca2
DriversComboCocktail	4860	0x08b8e598	FSTP	0x08135e20	1	FUN_081f1ca2@081f1ca2
ReitenSkOff	4864	0x08b8e59c	MOV	0x08135ff1	2	FUN_081f686a@081f686a FUN_0820ef48@0820ef48
ReitenSKLev	4868	0x08b8e5a0	MOV	0x0813603c	2	FUN_081f686a@081f686a FUN_0820ef48@0820ef48
ReitenSKMW	4872	0x08b8e5a4	MOV	0x08136087	2	FUN_081f686a@081f686a FUN_0820ef48@0820ef48
HandGunRange	4876	0x08b8e5a8	FSTP	0x081360d3	1	FUN_081fbb2c@081fbb2c
HandGunFalloff	4880	0x08b8e5ac	FSTP	0x08136120	1	FUN_081fbb2c@081fbb2c
RifleRange	4884	0x08b8e5b0	FSTP	0x0813616d	1	FUN_081fbb2c@081fbb2c
RifleFalloff	4888	0x08b8e5b4	FSTP	0x081361ba	1	FUN_081fbb2c@081fbb2c
DropQuality	4892	0x08b8e5b8	FSTP	0x08136207	1	FUN_081b2268@081b2268
DaemonDamageBonus	4896	0x08b8e5bc	FSTP	0x08136251	1	FUN_0820ef48@0820ef48
