spellID	symbol	class_sheet	type	nameID	descShortID	descLongID	uitex1	uitex2	uitex3	pakIndex
21	ECS_CRUSADERSTRENGTH	Серафима	Heavenly Magic	818	9849	9249	561	562	563	5397
1019	ECM_ENERGYBOLT	Серафима	Heavenly Magic	8215	9722	9122	546	547	548	5612
20	ECS_MAGLITE	Серафима	Heavenly Magic	817	9848	9248	543	544	545	5396
19	ECS_HOLYCONVERT	Серафима	Heavenly Magic	806	9837	9237	552	553	554	5395
17	ECS_HOLYWALL	Серафима	Heavenly Magic	814	9845	9245	534	535	536	5393
18	ECS_BURNINGLIGHT	Серафима	Heavenly Magic	816	9847	9247	558	559	560	5394
15	ECS_HOLYLIGHT	Серафима	Heavenly Magic	804	9835	9235	540	541	542	5391
13	ECS_LIGHTNING_STRIKE	Серафима	Heavenly Magic	798	9829	9229	564	565	566	5387
22	ECS_HOLYSHIELD	Серафима	Heavenly Magic	819	9850	9250	537	538	539	5398
1070	ECM_HARDHIT_S	Серафима	Combat Arts	8265	9765	9165	621	622	623	5570
1071	ECM_ZEALHIT_S	Серафима	Combat Arts	8266	9766	9166	618	619	620	5569
1072	ECM_KNOCKBACK_S	Серафима	Combat Arts	8267	9767	9167	627	628	629	5572
1020	ECM_WIRBEL	Серафима	Combat Arts	8223	9723	9123	582	583	584	5611
1054	ECM_WEAPONTHROW_SERA	Серафима	Combat Arts	8257	9757	9157	636	637	638	5573
1017	ECM_FLICFLAC_FORWARD	Серафима	Combat Arts	8213	9720	9120	570	571	572	5614
1069	ECM_MULTIHIT_S	Серафима	Combat Arts	8264	9764	9164	624	625	626	5571
1018	ECM_ENERGYWEAPON	Серафима	Combat Arts	8214	9721	9121	573	574	575	5613
1000	ECM_MULTIHIT	Серафима	Combat Arts	8193	9700	9100	624	625	626	
1001	ECM_HARDHIT	Серафима	Combat Arts	8194	9701	9101	621	622	623	
1002	ECM_ZEALHIT	Серафима	Combat Arts	8195	9702	9102	618	619	620	
1055	ECM_RESERVED1	Серафима								5610
1003	ECM_JUMPINPULK	Гладиатор	Combat Arts	8196	9703	9103	570	571	572	5628
1014	ECM_RESPEKT	Гладиатор	Combat Arts	8221	9706	9106	612	613	614	5617
1013	ECM_WEAPONTHROW	Гладиатор	Combat Arts	8198	9705	9105	636	637	638	5618
1010	ECM_THROWBACK	Гладиатор	Combat Arts	8206	9716	9116	606	607	608	5621
1015	ECM_HELDENMUT	Гладиатор	Combat Arts	8220	9707	9107	609	610	611	5616
1012	ECM_HANDOFGOD	Гладиатор	Combat Arts	8210	9718	9118	603	604	605	5619
1016	ECM_AURA	Гладиатор	Combat Arts	8222	9708	9108	639	640	641	5615
1060	ECM_KNOCKBACK_G	Гладиатор	Combat Arts	8263	9763	9163	627	628	629	5556
1058	ECM_HARDHIT_G	Гладиатор	Combat Arts	8261	9761	9161	621	622	623	5554
1057	ECM_MULTIHIT_G	Гладиатор	Combat Arts	8260	9760	9160	624	625	626	5555
1059	ECM_ZEALHIT_G	Гладиатор	Combat Arts	8262	9762	9162	618	619	620	5553
1009	ECM_KNOCKBACK	Гладиатор	Combat Arts		9704	9104	627	628	629	
5	ECS_FIRESTRIKE	Боевой маг	Fire Magic	778	9809	9209	462	463	464	5379
24	ECS_FIRESKIN	Боевой маг	Fire Magic	821	9852	9252	474	475	476	5400
23	ECS_HELLFIRE	Боевой маг	Fire Magic	820	9851	9251	468	469	470	5399
11	ECS_FIRECIRCLE	Боевой маг	Fire Magic	790	9821	9221	465	466	467	5385
2	ECS_SHIELDED	Боевой маг	Earth Magic	769	9800	9200	492	493	494	5376
25	ECS_STONED	Боевой маг	Earth Magic	822	9853	9253	486	487	488	5401
16	ECS_CIRCLEOFFEAR	Боевой маг	Earth Magic	770	9801	9201	480	481	482	5392
26	ECS_METEOR	Боевой маг	Earth Magic	823	9854	9254	483	484	485	5402
28	ECS_TWISTER	Боевой маг	Air Magic	826	9857	9257	501	502	503	5404
29	ECS_WINDSTRIKE	Боевой маг	Air Magic	831	9862	9262	504	505	506	5405
1	ECS_TELEPORT	Боевой маг	Air Magic	774	9805	9205	507	508	509	5375
33	ECS_FLASH	Боевой маг	Air Magic	837	9868	9268	498	499	500	5409
27	ECS_SPEEDUP	Боевой маг	Water Magic	825	9856	9256	516	517	518	5403
34	ECS_ICEBULLETS	Боевой маг	Water Magic	838	9869	9269	525	526	527	5410
35	ECS_CIRCLEOFICE	Боевой маг	Water Magic	839	9870	9270	519	520	521	5411
4	ECS_SUPERFLUID	Боевой маг	Water Magic	783	9814	9214	522	523	524	5378
7	ECS_HEALING	Боевой маг	Life Magic	784	9815	9215	471	472	473	5381
30	ECS_MAGICSHIELD	Боевой маг	Life Magic	834	9865	9265	489	490	491	5406
31	ECS_MANAREGEN	Боевой маг	Life Magic	835	9866	9266	510	511	512	5407
32	ECS_HPREGEN	Боевой маг	Life Magic	836	9867	9267	528	529	530	5408
6	ECS_PENTAGRAMMKILLER	Боевой маг		782	9813	9213	537	538	539	5380
8	ECS_KUGELBLITZ	Боевой маг		785	9816	9216	462	463	464	5382
9	ECS_POWERUP	Боевой маг		786	9817	9217	462	463	464	5383
12	ECS_GROUNDPOISON	Боевой маг		792	9823	9223	489	490	491	5386
1042	ECM_DE_PARALYZE	Тёмный эльф	Combat Arts	8245	9745	9145	756	757	758	5587
1045	ECM_DE_FERNUMLEITUNG	Тёмный эльф	Combat Arts	8248	9748	9148	765	766	767	5584
1065	ECM_MULTIHIT_D	Тёмный эльф	Combat Arts	8272	9772	9172	624	625	626	5567
1043	ECM_DE_PANTER	Тёмный эльф	Combat Arts	8246	9746	9146	759	760	761	5586
1046	ECM_DE_MAGIEUMLEITUNG	Тёмный эльф	Combat Arts	8249	9749	9149	768	769	770	5583
1066	ECM_HARDHIT_D	Тёмный эльф	Combat Arts	8273	9773	9173	621	622	623	5566
1044	ECM_DE_SOULCATCHER	Тёмный эльф	Combat Arts	8247	9747	9147	762	763	764	5585
1068	ECM_KNOCKBACK_D	Тёмный эльф	Combat Arts	8275	9775	9175	627	628	629	5568
1067	ECM_ZEALHIT_D	Тёмный эльф	Combat Arts	8274	9774	9174	618	619	620	5565
1051	ECM_DE_CONFUSION	Тёмный эльф	Traps	8254	9754	9154	783	784	785	5578
1048	ECM_DE_ADRENALINE	Тёмный эльф	Traps	8251	9751	9151	774	775	776	5581
1052	ECM_DE_POISON	Тёмный эльф	Traps	8255	9755	9155	786	787	788	5577
1049	ECM_DE_C3	Тёмный эльф	Traps	8252	9752	9152	777	778	779	5580
1053	ECM_DE_BATTLEFOG	Тёмный эльф	Traps	8256	9756	9156	789	790	791	5576
1047	ECM_DE_TESTOSTERON	Тёмный эльф	Traps	8250	9750	9150	771	772	773	5582
1050	ECM_DE_HELL	Тёмный эльф	Traps	8253	9753	9153	780	781	782	5579
1006	ECM_ARROW_SPIDER	Лесная эльфийка	Combat Arts	8202	9712	9112	642	643	644	5625
1007	ECM_ARROW_KNOCKBACK	Лесная эльфийка	Combat Arts	8203	9713	9113	645	646	647	5624
1008	ECM_ARROW_PENETRATE	Лесная эльфийка	Combat Arts	8204	9714	9114	657	658	659	5623
1004	ECM_ARROW_EXPLOSION	Лесная эльфийка	Combat Arts	8199	9709	9109	651	652	653	5627
1005	ECM_ARROW_MULTI	Лесная эльфийка	Combat Arts	8201	9711	9111	654	655	656	5626
1061	ECM_MULTIHIT_E	Лесная эльфийка	Combat Arts	8268	9768	9168	624	625	626	5563
1062	ECM_HARDHIT_E	Лесная эльфийка	Combat Arts	8269	9769	9169	621	622	623	5562
1063	ECM_ZEALHIT_E	Лесная эльфийка	Combat Arts	8270	9770	9170	618	619	620	5561
36	ECS_CHANGELING	Лесная эльфийка	Moon Magic	845	9871	9271	669	670	671	5412
38	ECS_BUBBLETRAP	Лесная эльфийка	Moon Magic	847	9873	9273	675	676	677	5414
39	ECS_KILLERPLANTS	Лесная эльфийка	Moon Magic	848	9874	9274	678	679	680	5415
40	ECS_PLANTCAGE	Лесная эльфийка	Moon Magic	849	9875	9275	672	673	674	5416
41	ECS_LOSTSOULS	Лесная эльфийка	Moon Magic	850	9876	9276	687	688	689	5417
42	ECS_NATUREHEALING	Лесная эльфийка	Moon Magic	851	9877	9277	684	685	686	5418
37	ECS_HIGHSPEED	Лесная эльфийка	Moon Magic	846	9872	9272	666	667	668	5413
3	ECS_BIGSUMMON	Лесная эльфийка	Moon Magic	777	9808	9208	681	682	683	5377
1056	ECM_RESERVED2	Лесная эльфийка								5564
1064	ECM_KNOCKBACK_E	Лесная эльфийка	Combat Arts	8271	9771	9171	627	628	629	
1022	ECM_VL_VAMPIRE	Вампиресса	Combat Arts	8225	9725	9125	741	742	743	5609
1024	ECM_VL_CONTROL_TAG	Вампиресса	Combat Arts	8227	9727	9127	744	745	746	5606
1026	ECM_VL_WOLFRUF_TAG	Вампиресса	Combat Arts	8229	9729	9129	747	748	749	5604
1028	ECM_VL_TIME_TAG	Вампиресса	Combat Arts	8231	9731	9131	750	751	752	5602
1073	ECM_MULTIHIT_V	Вампиресса	Combat Arts	8276	9776	9176	624	625	626	5559
1074	ECM_HARDHIT_V	Вампиресса	Combat Arts	8277	9777	9177	621	622	623	5558
1075	ECM_ZEALHIT_V	Вампиресса	Combat Arts	8278	9778	9178	618	619	620	5557
1076	ECM_KNOCKBACK_V	Вампиресса	Combat Arts	8279	9779	9179	627	628	629	5560
43	ECS_REANIMATE	Вампиресса		852			684	685	686	5419
1023	ECM_VL_PALADIN	Вампиресса	Combat Arts	8226	9726	9126	732	733	734	
1025	ECM_VL_CONTROL_NIGHT	Вампиресса	Combat Arts	8228	9728	9128	735	736	737	
1027	ECM_VL_WOLFRUF_NIGHT	Вампиресса	Combat Arts	8230	9730	9130	738	739	740	
1029	ECM_VL_TIME_NIGHT	Вампиресса	Combat Arts	8232	9732	9132	753	754	755	
1038	ECM_VL_MULTIHIT_NIGHT	Вампиресса	Combat Arts	8241	9741	9141	696	697	698	
1039	ECM_VL_HARDHIT_NIGHT	Вампиресса	Combat Arts	8242	9742	9142	699	700	701	
1040	ECM_VL_ZEALHIT_NIGHT	Вампиресса	Combat Arts	8243	9743	9143	702	703	704	
1041	ECM_VL_KNOCKBACK_NIGHT	Вампиресса	Combat Arts	8244	9744	9144	705	706	707	
1030	ECM_VL_BLOODBITE	Вампиресса	Vampire Powers	8233	9733	9133	708	709	710	5600
1031	ECM_VL_MASTERBITE	Вампиресса	Vampire Powers	8234	9734	9134	711	712	713	5598
1032	ECM_VL_JUMPINTO	Вампиресса	Vampire Powers	8235	9735	9135	714	715	716	5597
1033	ECM_VL_KISSOFBLOOD	Вампиресса	Vampire Powers	8236	9736	9136	717	718	719	5596
1034	ECM_VL_SUMMON	Вампиресса	Vampire Powers	8237	9737	9137	720	721	722	5595
1035	ECM_VL_BLOODBAT	Вампиресса	Vampire Powers	8238	9738	9138	723	724	725	5594
1036	ECM_VL_CONFUSEBAT	Вампиресса	Vampire Powers	8239	9739	9139	726	727	728	5593
1037	ECM_VL_GUARDBAT	Вампиресса	Vampire Powers	8240	9740	9140	729	730	731	5592
1089	ECM_KRIEGSSCHREI	Гном	Combat Arts	852	9880	9280	1562	1563	1564	5773
1083	ECM_ABSCHLAG	Гном	Combat Arts	8289	9789	9189	1553	1554	1555	5767
1084	ECM_WUCHT	Гном	Combat Arts	8290	9790	9190	1556	1557	1558	5778
1078	ECM_MULTIHIT_Z	Гном	Combat Arts	8284	9784	9184	624	625	626	5775
1079	ECM_HARDHIT_Z	Гном	Combat Arts	8285	9785	9185	621	622	623	5770
1080	ECM_ZEALHIT_Z	Гном	Combat Arts	8286	9786	9186	618	619	620	5768
1082	ECM_KRIEGSRAUSCH	Гном	Combat Arts	8288	9788	9188	1559	1560	1561	5772
55	ECS_GIER	Гном	Dwarven Technology	853	9881	9281	1565	1566	1567	5769
58	ECS_PANZER	Гном	Dwarven Technology	856	9884	9284	1589	1590	1591	5779
59	ECS_STAHL	Гном	Dwarven Technology	857	9885	9285	1571	1572	1573	5780
56	ECS_TELLERMINE	Гном	Dwarven Technology	854	9882	9282	1586	1587	1588	5777
57	ECS_EINGRABEN	Гном	Dwarven Technology	855	9883	9283	1568	1569	1570	5781
1085	ECM_FLAMMENWERFER	Гном	Dwarven Technology	8291	9791	9191	1574	1575	1576	5782
1086	ECM_MOERSER	Гном	Dwarven Technology	8292	9792	9192	1580	1581	1582	5774
1087	ECM_KANONE	Гном	Dwarven Technology	8293	9793	9193	1577	1578	1579	5771
1088	ECM_SPIRAL	Гном								5776
67	ECS_SCHREI	Демонесса	Hell Magic	867	9895	9295	1544	1545	1546	5642
60	ECS_HOELLEDISK	Демонесса	Hell Magic	858	9886	9286	1547	1548	1549	5640
66	ECS_CHOR	Демонесса	Hell Magic	866	9894	9294	1550	1551	1552	5634
62	ECS_TOD	Демонесса	Hell Magic	862	9890	9290	1529	1530	1531	5644
65	ECS_TENTAKEL	Демонесса	Hell Magic	865	9893	9293	1532	1533	1534	5645
63	ECS_HOELLENKRAFT	Демонесса	Hell Magic	863	9891	9291	1538	1539	1540	5643
64	ECS_HOELLENFEUER	Демонесса	Hell Magic	864	9892	9292	1541	1542	1543	5641
1097	ECM_KAMPFDAEMON	Демонесса	Transformations	8299	9799	9199	1514	1515	1516	5646
1100	ECM_ENERGIEDAEMON	Демонесса	Transformations	870	9898	9298	1523	1524	1525	5636
1098	ECM_FEUERDAEMON	Демонесса	Transformations	868	9896	9296	1526	1527	1528	5637
1099	ECM_GIFTDAEMON	Демонесса	Transformations	869	9897	9297	1520	1521	1522	5638
1094	ECM_FLUGDAMON	Демонесса	Transformations	8297	9797	9197	1517	1518	1519	5639
1092	ECM_ZEALHIT_T	Демонесса	Combat Arts	8296	9796	9196	1514	1515	1516	5629
1103	ECM_EMPEROR	Демонесса	Combat Arts	861	9889	9289	1523	1524	1525	
1102	ECM_FEUERHAUCH	Демонесса	Combat Arts	859	9887	9287	1526	1527	1528	
1101	ECM_GIFTWOLKE	Демонесса	Combat Arts	860	9888	9288	1520	1521	1522	
1091	ECM_HARDHIT_T	Демонесса	Combat Arts	8295	9795	9195	1517	1518	1519	5630
1090	ECM_MULTIHIT_T	Демонесса								5631
1093	ECM_KNOCKBACK_T	Демонесса								5622
68	ECS_DIENER	Демонесса								5635
