function	funcID	inHeadImage	objID	quest
MP_Romata_99	3	0	0	
wegweiser_MPStart2	342	1043	0	
wegweiser_MPStart3	344	1043	0	
wegweiser_MPStart4	346	1043	0	
wegweiser_MPStart5	348	1043	0	
wegweiser_MPStart6	350	1043	0	
wegweiser_MPStart7	352	1043	0	
wegweiser_MPStart8	354	1043	0	
wegweiser_MPStart9	356	1043	0	
wegweiser_MPStart10	358	1043	0	
wegweiser_MPStart11	360	1043	0	
grabsteintext	365	1024	0	
grabsteintext_1	366	1024	0	
grabsteintext_2	367	1024	0	
grabsteintext_3	368	1024	0	
grabsteintext_4	369	1024	0	
grabsteintext_5	370	1024	0	
grabsteintext_6	371	1024	0	
grabstein_special_R2b	604	-1	0	
grabstein_special_R2a	605	1024	0	
grabsteintext2	610	1024	0	
grabsteintext_374	767	1024	0	
Dialog_Stein	771	1024	1	
Dialog_Statue	772	1025	0	
Dialog_Sonnenuhr	773	1026	0	
Powerup_Statue	901	1025	0	
Wegweiser_SD	908	1043	0	
NPC_Dialog_Farmer	2875	13	0	
NPC_Dialog_Citizen	2876	13	0	
NPC_Dialog_Noble	2877	13	0	
NPC_Dialog_Soldier	2878	13	0	
NPC_Dialog_Magician	2879	13	0	
NPC_Dialog_Elve	2881	13	0	
NPC_Dialog_Novizin	2886	13	0	
NPC_Dialog_Orks	2887	13	0	
NPC_Dialog_Goblins	2888	13	0	
NPC_Dialog_KIND	2890	13	0	
NPC_Dialog_GAUKLER	2891	13	0	
NPC_Dialog_Wirt	2894	13	0	
NPC_Dialog_Hure	2895	13	556	
wegweiser_01	2900	1043	0	
wegweiser_02	2902	1043	0	
wegweiser_03	2904	1043	0	
wegweiser_04	2906	1043	0	
wegweiser_05	2908	1043	0	
wegweiser_06	2910	1043	0	
wegweiser_07	2912	1043	0	
wegweiser_08	2914	1043	0	
wegweiser_09	2916	1043	0	
wegweiser_10	2918	1043	0	
wegweiser_11	2920	1043	0	
wegweiser_12	2922	1043	0	
wegweiser_13	2924	1043	0	
wegweiser_14	2926	1043	0	
wegweiser_15	2928	1043	0	
wegweiser_16	2930	1043	0	
wegweiser_17	2932	1043	0	
wegweiser_18	2934	1043	0	
wegweiser_19	2936	1043	0	
wegweiser_20	2938	1043	0	
wegweiser_21	2940	1043	0	
wegweiser_22	2942	1043	0	
wegweiser_23	2944	1043	0	
wegweiser_24	2946	1043	0	
wegweiser_25	2948	1043	0	
wegweiser_26	2950	1043	0	
wegweiser_27	2952	1043	0	
wegweiser_28	2954	1043	0	
wegweiser_29	2956	1043	0	
wegweiser_30	2958	1043	0	
wegweiser_31	2960	1043	0	
wegweiser_32	2962	1043	0	
wegweiser_33	2964	1043	0	
wegweiser_35	2966	1043	0	
wegweiser_36	2968	1043	0	
wegweiser_37	2970	1043	0	
wegweiser_38	2972	1043	0	
wegweiser_39	2974	1043	0	
wegweiser_40	2976	1043	0	
wegweiser_41	2978	1043	0	
wegweiser_43	2980	1043	0	
wegweiser_44	2982	1043	0	
wegweiser_45	2984	1043	0	
wegweiser_46	2986	1043	0	
wegweiser_47	2988	1043	0	
wegweiser_48	2990	1043	0	
wegweiser_49	2992	1043	0	
wegweiser_50	2994	1043	0	
wegweiser_51	2996	1043	0	
wegweiser_52	2998	1043	0	
wegweiser_53	3000	1043	0	
wegweiser_54	3002	1043	0	
wegweiser_55	3004	1043	0	
wegweiser_56	3006	1043	0	
heilen_global	3012	13	308	
dlg_prequest5001	3020	14	0	
dlg_chef5001	3021	10	0	
dlg_wache1_5001	3023	13	0	
dlg_nosumpf5001	3026	13	0	
dlg_popup5002	3040	-1	0	
dlg_popup5003	3045	-1	0	
dlg_sucher5003	3055	10	0	
dlg_schamane5003	3064	10	0	
hinweis6001	3074	14	311	
dlg_auftrag6001	3081	10	0	
dlg_hauptmann6001	3082	11	0	
dlg_shamane6002	3106	13	0	
dlg_krieger6002	3108	11	0	
dlg_torwache6002	3117	14	0	
dlg_auftrag6003	3121	10	0	
dlg_auftragpe	3135	10	0	
dlg_zwischenpe	3137	11	0	
dlg_offenpe	3138	13	0	
dlg_10250_start	3147	10	312	
dlg_10250_offen	3148	18	0	10250.0
dlg_10250_sieg	3149	11	0	
dlg_10250_NebenChar1	3150	8	313	
dlg_10251_start	3160	10	314	
dlg_10251_offen	3161	126	0	
dlg_10251_sieg	3162	11	0	
dlg_10252_start	3173	10	316	
dlg_10252_offen	3174	126	0	
dlg_10252_sieg	3175	11	0	
dlg_10253_start	3186	10	317	
dlg_10253_offen	3187	126	0	
dlg_10253_sieg	3188	11	0	
dlg_10254_start	3198	10	0	
dlg_10254_offen	3199	18	0	
dlg_10254_sieg	3200	11	0	
dlg_10255_start	3212	10	320	
dlg_10255_offen	3213	18	0	
dlg_10255_Lost	3214	18	0	
dlg_10255_sieg	3215	11	0	
dlg_10256_start	3236	10	322	
dlg_10256_offen	3237	18	0	
dlg_10256_sieg	3238	11	0	
dlg_10256_Pet	3239	11	0	
dlg_10257_start	3249	10	323	
dlg_10257_offen	3250	18	0	
dlg_10258_start	3259	10	324	
dlg_10258_offen	3260	126	0	
dlg_10258_sieg	3261	11	0	
dlg_10259_start	3270	10	325	
dlg_10259_offen	3271	18	0	
dlg_10259_sieg	3272	11	0	
dlg_10260_start	3282	10	0	
dlg_10260_offen	3283	126	326	
dlg_10260_sieg	3284	11	0	
dlg_10260_Zauberer_1	3285	-1	923	
dlg_10261_start	3301	10	327	
dlg_10261_offen	3302	126	0	
dlg_10261_sieg	3303	11	0	
dlg_10261_Frau	3304	126	0	
dlg_UW11_Zwerg	3316	10	329	
dlg_UW12	3324	-1	0	
dlg_UW12_Waechter	3328	13	361	
dlg_Auftrag9513	3336	10	0	
dlg_UW14_AUFTRAG	3349	10	373	
dlg_UW14_Narr2	3351	11	0	
dlg_UW14_Narr3	3353	11	0	
dlg_Base9517	3362	10	0	
dlg_Gast1_9517	3364	11	0	
dlg_Gast2_9517	3366	11	0	
dlg_Gast3_9517	3368	11	0	
dlg_HellseherWOQuest9516	3374	13	0	
dlg_Base9516	3377	10	0	
dlg_Hellseher9516	3380	13	0	
dlg_PfandleiherWOQuest9515	3386	13	0	
dlg_Base9515	3389	10	0	
dlg_Pfandleiher9515	3391	11	0	
dlg_Auftrag9518	3399	10	374	
dlg_Ziel9518	3403	11	0	
dlg_Auftrag9519	3412	10	0	
dlg_Mirko9522	3420	11	0	
dlg_Alchemist9522	3423	11	0	
dlg_auftrag9521	3431	10	0	
dlg_Mirko9521	3436	11	0	
dlg_Cookiegirl9520	3445	10	376	
dlg_Mutter9520	3447	13	375	
dlg_VonEndlich9520	3449	13	0	
DLG_15001_START	3489	10	0	
DLG_15001_OFFEN	3490	126	0	
DLG_15001_ZIEL	3491	11	0	
DLG_15002_START	3500	10	379	
DLG_15002_OFFEN	3501	126	0	
DLG_15002_ZIEL	3502	11	0	
od_15002	3505	11	0	
DLG_15003_START	3511	10	380	
DLG_15003_OFFEN	3512	126	0	
DLG_15003_ZIEL	3513	11	0	
DLG_15004_START	3522	10	381	
DLG_15004_OFFEN	3523	126	0	
DLG_15004_ZIEL	3524	11	0	
DLG_15005_START	3533	10	382	
DLG_15005_OFFEN	3534	126	0	
DLG_15005_ZIEL	3535	11	0	
od_15005	3538	11	0	
DLG_15006_START	3544	10	383	
DLG_15006_OFFEN	3545	126	0	
DLG_15006_ZIEL	3546	11	0	
od_15006	3549	11	0	
DLG_15007_START	3555	10	384	
DLG_15007_OFFEN	3556	126	0	
DLG_15007_ZIEL	3557	11	0	
DLG_15009_START	3566	10	385	
DLG_15009_OFFEN	3567	126	0	
DLG_15009_ZIEL	3568	11	0	
DLG_15010_START	3577	10	386	
DLG_15010_OFFEN	3578	126	0	
DLG_15010_ZIEL	3579	11	0	
DLG_15011_START	3588	10	387	
DLG_15011_OFFEN	3589	126	0	
DLG_15011_ZIEL	3590	11	0	
DLG_15012_START	3599	10	388	
DLG_15012_OFFEN	3600	126	0	
DLG_15012_ZIEL	3601	11	0	
DLG_15013_START	3610	10	389	
DLG_15013_OFFEN	3611	126	0	
DLG_15013_ZIEL	3612	11	0	
DLG_15014_START	3621	10	390	
DLG_15014_OFFEN	3622	126	0	
DLG_15014_ZIEL	3623	11	0	
DLG_15015_START	3632	10	391	
DLG_15015_OFFEN	3633	126	0	
DLG_15015_ZIEL	3634	11	0	
DLG_15016_START	3643	10	392	
DLG_15016_OFFEN	3644	126	0	
DLG_15016_ZIEL	3645	11	0	
DLG_15017_START	3654	10	393	
DLG_15017_OFFEN	3655	126	0	
DLG_15017_ZIEL	3656	11	0	
DLG_15018_START	3665	10	394	
DLG_15018_OFFEN	3666	126	0	
DLG_15018_ZIEL	3667	11	0	
DLG_15019_START	3676	10	395	
DLG_15019_OFFEN	3677	126	0	
DLG_15019_ZIEL	3678	11	0	
DLG_15020_START	3687	10	396	
DLG_15020_OFFEN	3688	126	0	
DLG_15020_ZIEL	3689	11	0	
DLG_15021_START	3698	10	397	
DLG_15021_OFFEN	3699	126	0	
DLG_15021_ZIEL	3700	11	0	
DLG_15022_START	3709	10	398	
DLG_15022_OFFEN	3710	126	0	
DLG_15022_ZIEL	3711	11	0	
od_15022	3714	11	0	
DLG_15023_START	3720	10	399	
DLG_15023_OFFEN	3721	126	0	
DLG_15023_ZIEL	3722	11	0	
od_15023	3725	11	0	
DLG_15024_START	3731	10	400	
DLG_15024_OFFEN	3732	126	0	
DLG_15024_ZIEL	3733	11	0	
DLG_15025_START	3742	10	401	
DLG_15025_OFFEN	3743	126	0	
DLG_15025_ZIEL	3744	11	0	
DLG_15026_START	3753	10	402	
DLG_15026_OFFEN	3754	126	0	
DLG_15026_ZIEL	3755	11	0	
DLG_15027_START	3764	10	403	
DLG_15027_OFFEN	3765	126	0	
DLG_15027_ZIEL	3766	11	0	
DLG_15028_START	3775	10	404	
DLG_15028_OFFEN	3776	126	0	
DLG_15028_ZIEL	3777	11	0	
DLG_15029_START	3786	10	405	
DLG_15029_OFFEN	3787	126	0	
DLG_15029_ZIEL	3788	11	0	
DLG_15030_START	3797	10	406	
DLG_15030_OFFEN	3798	126	0	
DLG_15030_ZIEL	3799	11	0	
DLG_15031_START	3808	10	407	
DLG_15031_OFFEN	3809	126	0	
DLG_15031_ZIEL	3810	11	0	
od_15031	3813	11	0	
DLG_15032_START	3819	10	408	
DLG_15032_OFFEN	3820	126	0	
DLG_15032_ZIEL	3821	11	0	
DLG_15033_START	3830	10	409	
DLG_15033_OFFEN	3831	126	0	
DLG_15033_ZIEL	3832	11	0	
od_15033	3835	11	0	
DLG_15034_START	3841	10	410	
DLG_15034_OFFEN	3842	126	0	
DLG_15034_ZIEL	3843	11	0	
DLG_15035_START	3852	10	411	
DLG_15035_OFFEN	3853	126	0	
DLG_15035_ZIEL	3854	11	0	
od_15035	3857	11	0	
DLG_15036_START	3863	10	412	
DLG_15036_OFFEN	3864	126	0	
DLG_15036_ZIEL	3865	11	0	
DLG_15037_START	3874	10	413	
DLG_15037_OFFEN	3875	126	0	
DLG_15037_ZIEL	3876	11	0	
od_15037	3879	11	0	
DLG_15038_START	3885	10	414	
DLG_15038_OFFEN	3886	126	0	
DLG_15038_ZIEL	3887	11	0	
DLG_15039_START	3896	10	415	
DLG_15039_OFFEN	3897	126	0	
DLG_15039_ZIEL	3898	11	0	
DLG_15040_START	3907	10	416	
DLG_15040_OFFEN	3908	126	0	
DLG_15040_ZIEL	3909	11	0	
DLG_15041_START	3918	10	417	
DLG_15041_OFFEN	3919	126	0	
DLG_15041_ZIEL	3920	11	0	
DLG_15046_START	3929	10	418	
DLG_15046_OFFEN	3930	126	0	
DLG_15046_ZIEL	3931	11	0	
DLG_15042_START	3940	10	419	
DLG_15042_OFFEN	3941	126	0	
DLG_15042_ZIEL	3942	11	0	
DLG_15043_START	3951	10	420	
DLG_15043_OFFEN	3952	126	0	
DLG_15043_ZIEL	3953	11	0	
DLG_15044_START	3962	10	421	
DLG_15044_OFFEN	3963	126	0	
DLG_15044_ZIEL	3964	11	0	
od_15044	3967	11	0	
DLG_15045_START	3973	10	422	
DLG_15045_OFFEN	3974	126	0	
DLG_15045_ZIEL	3975	11	0	
DLG_15047_START	3984	10	423	
DLG_15047_OFFEN	3985	126	0	
DLG_15047_ZIEL	3986	11	0	
DLG_15048_START	3995	10	424	
DLG_15048_OFFEN	3996	126	0	
DLG_15048_ZIEL	3997	11	0	
DLG_15049_START	4006	10	425	
DLG_15049_OFFEN	4007	126	0	
DLG_15049_ZIEL	4008	11	0	
DLG_15050_START	4017	10	426	
DLG_15050_OFFEN	4018	126	0	
DLG_15050_ZIEL	4019	11	0	
DLG_15051_START	4028	10	427	
DLG_15051_OFFEN	4029	126	0	
DLG_15051_ZIEL	4030	11	0	
DLG_15052_START	4039	10	428	
DLG_15052_OFFEN	4040	126	0	
DLG_15052_ZIEL	4041	11	0	
DLG_15053_START	4050	10	429	
DLG_15053_OFFEN	4051	126	0	
DLG_15053_ZIEL	4052	11	0	
od_15053	4055	11	0	
DLG_15054_START	4061	10	430	
DLG_15054_OFFEN	4062	126	0	
DLG_15054_ZIEL	4063	11	0	
DLG_15055_START	4072	10	431	
DLG_15055_OFFEN	4073	126	0	
DLG_15055_ZIEL	4074	11	0	
od_15055	4077	11	0	
DLG_15056_START	4083	10	432	
DLG_15056_OFFEN	4084	126	0	
DLG_15056_ZIEL	4085	11	0	
DLG_15057_START	4094	10	433	
DLG_15057_OFFEN	4095	126	0	
DLG_15057_ZIEL	4096	11	0	
DLG_15058_START	4105	10	434	
DLG_15058_OFFEN	4106	126	0	
DLG_15058_ZIEL	4107	11	0	
DLG_15059_START	4116	10	435	
DLG_15059_OFFEN	4117	126	0	
DLG_15059_ZIEL	4118	11	0	
DLG_15060_START	4127	10	436	
DLG_15060_OFFEN	4128	126	0	
DLG_15060_ZIEL	4129	11	0	
DLG_15061_START	4138	10	437	
DLG_15061_OFFEN	4139	126	0	
DLG_15061_ZIEL	4140	11	0	
od_15061	4143	11	0	
DLG_15062_START	4149	10	438	
DLG_15062_OFFEN	4150	126	0	
DLG_15062_ZIEL	4151	11	0	
DLG_15063_START	4160	10	439	
DLG_15063_OFFEN	4161	126	0	
DLG_15063_ZIEL	4162	11	0	
DLG_15064_START	4171	10	440	
DLG_15064_OFFEN	4172	126	0	
DLG_15064_ZIEL	4173	11	0	
DLG_15065_START	4182	10	441	
DLG_15065_OFFEN	4183	126	0	
DLG_15065_ZIEL	4184	11	0	
DLG_15067_START	4193	10	442	
DLG_15067_OFFEN	4194	126	0	
DLG_15067_ZIEL	4195	11	0	
DLG_15066_START	4204	10	443	
DLG_15066_OFFEN	4205	126	0	
DLG_15066_ZIEL	4206	11	0	
od_15066	4209	11	0	
DLG_15068_START	4215	10	444	
DLG_15068_OFFEN	4216	126	0	
DLG_15068_ZIEL	4217	11	0	
DLG_15069_START	4226	10	445	
DLG_15069_OFFEN	4227	126	0	
DLG_15069_ZIEL	4228	11	0	
DLG_15070_START	4237	10	446	
DLG_15070_OFFEN	4238	126	0	
DLG_15070_ZIEL	4239	11	0	
DLG_15071_START	4248	10	447	
DLG_15071_OFFEN	4249	126	0	
DLG_15071_ZIEL	4250	11	0	
DLG_15072_START	4259	10	448	
DLG_15072_OFFEN	4260	126	0	
DLG_15072_ZIEL	4261	11	0	
DLG_15073_START	4270	10	449	
DLG_15073_OFFEN	4271	126	0	
DLG_15073_ZIEL	4272	11	0	
DLG_15074_START	4281	10	450	
DLG_15074_OFFEN	4282	126	0	
DLG_15074_ZIEL	4283	11	0	
DLG_15075_START	4292	10	451	
DLG_15075_OFFEN	4293	126	0	
DLG_15075_ZIEL	4294	11	0	
DLG_15076_START	4303	10	452	
DLG_15076_OFFEN	4304	126	0	
DLG_15076_ZIEL	4305	11	0	
DLG_15077_START	4314	10	453	
DLG_15077_OFFEN	4315	126	0	
DLG_15077_ZIEL	4316	11	0	
od_15077	4319	11	0	
DLG_15078_START	4325	10	454	
DLG_15078_OFFEN	4326	126	0	
DLG_15078_ZIEL	4327	11	0	
DLG_15079_START	4336	10	455	
DLG_15079_OFFEN	4337	126	0	
DLG_15079_ZIEL	4338	11	0	
DLG_15080_START	4347	10	456	
DLG_15080_OFFEN	4348	126	0	
DLG_15080_ZIEL	4349	11	0	
DLG_15081_START	4358	10	457	
DLG_15081_OFFEN	4359	126	0	
DLG_15081_ZIEL	4360	11	0	
DLG_15082_START	4369	10	458	
DLG_15082_OFFEN	4370	126	0	
DLG_15082_ZIEL	4371	11	0	
DLG_15083_START	4380	10	459	
DLG_15083_OFFEN	4381	126	0	
DLG_15083_ZIEL	4382	11	0	
od_15083	4385	11	0	
DLG_15084_START	4391	10	460	
DLG_15084_OFFEN	4392	126	0	
DLG_15084_ZIEL	4393	11	0	
rg3_goodie1_auftrag	4475	10	465	
rg1_goodie1_auftrag	4485	13	466	
rg1_goodie1_ziel	4486	10	467	
rg1_goodie2_auftrag	4502	10	468	
rg1_goodie2_ziel	4504	11	0	
auftrag9011	4516	10	0	
schmied9011	4518	11	0	
ziel9011	4519	13	0	
boss9011	4522	11	0	
rg6_goodie1_auftrag	4535	10	0	
rghs_goodie1_ziel	4544	10	0	
rghs_goodie1_auftrag	4546	10	0	
rghs_goodie1_ziel3	4553	13	483	
rghs_goodie1_ziel2	4554	13	482	
malorka_alkis	4561	13	0	
malorka_werbung	4566	10	0	
rg15_goodie1_auftrag	4573	10	484	
rg22_goodie1_ziel	4583	13	486	
rg22_goodie1_auftrag	4585	10	485	
rg2q1_d1	4596	11	0	
rg5g1_d3	4604	11	0	
rg5g1_d2	4606	11	0	
rg5g1_d1	4608	11	501	
rg23g1_Anya_start	4611	14	502	
frauen9010	4619	11	0	
ziel9010	4622	11	0	
auftrag9010	4626	10	527	
auftrag2411	4637	10	0	
auftrag2412	4645	10	0	
ziel2412	4647	11	0	
auftrag2413	4656	10	0	
ziel2413	4659	11	0	
NPC_Dialog_InfoStart	4668	13	551	
Kopfgeldziel	4673	-1	0	
dlg_Kopfgeldgeber	4679	13	552	
auftrag151	4705	10	665	
auftrag152	4716	10	670	
ziel152	4717	11	0	
ausregionwill	4725	1	671	
leave_rg1	4726	-1	0	
sagwas209	4731	11	0	
ziel209	4736	8	677	
auftrag154	4742	10	687	
bride154	4744	13	686	
ziel154	4746	11	0	
Auftrag201	4763	10	0	
Tochter201	4764	11	0	
Auftrag202	4778	10	0	
Hireling202	4779	8	0	
AuftragEnde202	4784	11	0	
HirelingEnde202	4785	8	0	
Auftrag203	4796	10	0	
auftrag204	4804	10	0	
bauer301	4820	10	0	
tochter301	4821	10	0	
auftrag302	4837	10	0	
auftrag303	4850	10	0	
auftrag401	4863	10	0	
auftrag402	4873	10	0	
auftrag403	4887	10	0	
take403	4890	15	0	
auftrag501	4909	10	0	
pussy501	4910	13	0	
ziel501	4911	11	0	
auftrag502	4922	10	0	
frau503	4931	13	0	
auftrag503	4935	10	0	
ziel503	4936	11	0	
auftrag601	4950	10	0	
ziel601	4952	11	0	
auftrag602	4963	10	0	
ziel602	4966	11	0	
auftrag603	4976	10	0	
ziel603	4977	11	0	
R06NQ02_ATMOS_01	4983	13	0	
R06NQ02_ATMOS_02	4984	13	0	
R06NQ02_ATMOS_03	4985	13	0	
R06NQ02_ATMOS_04	4986	13	0	
priest603	4987	13	0	
gast603	4988	13	0	
auftrag701	4997	10	0	
auftrag702	5011	10	0	
ziel702	5012	11	0	
auftrag703	5023	10	0	
holz801	5038	13	0	
auftrag801	5043	10	0	
elf801	5044	11	0	
soldat801	5045	13	0	
auftrag802	5058	10	0	
verletzter802	5059	11	0	
toter802	5061	15	0	
auftrag803	5072	10	0	
magier803	5074	11	0	
anderen803	5075	13	0	
auftrag901	5097	10	0	
ziel901	5099	11	0	
auftrag902	5112	10	0	
ziel902	5115	11	0	
boss902	5118	11	0	
auftrag903	5126	10	0	
ziel903	5129	11	0	
auftrag1001	5143	10	0	
auftrag1002	5154	10	0	
auftrag1003	5170	10	0	
auftrag11a1	5191	10	0	
ziel11a1	5192	11	0	
popup11a1	5193	-1	0	
auftrag11a2	5209	10	0	
ziel11a2	5210	11	0	
auftrag1103	5221	10	0	
ziel1103	5224	11	0	
popup1111	5239	-1	0	
auftrag1111	5240	10	0	
ziel1111	5241	11	0	
boss1111	5243	-1	0	
auftrag1112	5262	10	0	
enemy1112	5263	13	0	
ziel1112	5266	11	0	
auftrag1113	5276	10	0	
auftrag1201	5291	10	0	
auftrag1202	5305	10	0	
ziel1202	5306	13	0	
auftrag1203	5317	10	0	
enemy1203	5318	14	0	
ziel1203	5320	11	0	
auftrag1301	5333	10	0	
ziel1301	5338	11	0	
auftrag1302	5353	10	0	
ziel1302	5355	11	0	
auftrag1303	5366	10	0	
ziel1303	5367	11	0	
auftrag1401	5378	10	0	
ziel1401	5379	11	0	
soldat1401	5385	11	0	
auftrag1402	5400	10	0	
ziel1402	5403	11	0	
auftrag1403	5412	10	0	
ziel1403	5413	11	0	
auftrag1404	5425	10	0	
empf1404	5426	14	0	
ziel1404	5427	11	0	
auftrag1405	5440	10	0	
magd1405	5442	11	0	
bьrger1405	5443	11	0	
adelige1405	5444	11	0	
auftrag1501	5460	10	0	
ziel1502	5471	13	0	
auftrag1502	5472	10	0	
boss1502	5474	-1	0	
auftrag1503	5489	10	0	
ziel1503	5492	11	0	
handel1603	5502	14	0	
auftrag1601	5506	10	0	
auftrag1602	5517	10	0	
ziel1602	5518	11	0	
auftrag1603	5529	10	0	
block1603	5535	14	0	
sold1603	5536	14	0	
auftrag1701	5546	10	0	
follow1701	5548	11	0	
ziel1701	5552	11	0	
auftrag1702	5561	10	0	
auftrag1703	5573	10	0	
opfer1703	5574	14	0	
ziel1703	5580	14	0	
adeliger1703	5581	14	0	
boss1703	5582	11	0	
auftrag1801	5596	10	0	
auftrag1802	5605	10	0	
auftrag1803	5617	10	0	
ziel1803	5618	13	0	
auftrag1901	5634	10	0	
auftrag1902	5644	10	0	
auftrag1903	5656	10	0	
ziel1903	5657	11	0	
auftrag2001	5671	10	0	
auftrag2002	5689	10	0	
ziel2003	5699	-1	0	
auftrag2003	5702	10	0	
auftrag2101	5719	10	0	
ziel2101	5722	11	0	
auftrag2102	5736	10	0	
drache2102	5737	13	0	
ziel2102	5739	-1	0	
auftrag2103	5749	10	0	
prince2103	5750	13	0	
ziel2103	5753	11	0	
auftrag2201	5771	10	0	
ziel2201	5775	11	0	
auftrag2202	5786	10	0	
ziel2202	5787	10	0	
hexe2202	5792	11	0	
auftrag2203	5802	10	0	
ziel2203	5806	11	0	
auftrag2301	5822	10	0	
auftrag2302	5831	10	0	
auftrag2303	5851	10	692	
ziel2303	5853	10	0	
auftrag2401	5863	10	1089	
item2401	5865	14	0	
ziel2401	5867	11	0	
auftrag2402	5876	10	0	
ziel2402	5878	11	0	
auftrag2403	5888	10	0	
ziel2403	5890	11	0	
sieg1_2404	5898	-1	0	
auftrag2404	5902	10	0	
popup1_2404	5905	-1	0	
popup2_2404	5906	-1	0	
ziel2404	5910	11	0	
auftrag2501	5924	10	830	
auftrag2502	5935	10	836	
ziel2502	5938	11	0	
auftrag2503	5948	10	841	
ziel2503	5949	11	850	
boss2503	5951	11	842	
gegner2503	5952	13	849	
popup2504	5961	-1	0	
auftrag2504	5963	10	851	
wache1_2504	5964	13	853	
wache2_2504	5965	13	855	
priester2504	5966	13	852	
DQ1_GEISEL_ANIMAL_2600	5985	15	0	
DQ1_GEISEL_NPC_2600	5986	11	0	
DQ1_GEISEL_ANIMAL_2601	5994	15	0	
DQ1_GEISEL_NPC_2601	5995	11	0	
DQ1_GEISEL_ANIMAL_2602	6003	15	0	
DQ1_GEISEL_NPC_2602	6004	11	0	
DQ1_GEISEL_ANIMAL_2603	6012	15	0	
DQ1_GEISEL_NPC_2603	6013	11	0	
DQ1_BRINGE_NPC	6022	10	0	
DQ1_BRINGE_ITEM	6056	10	0	
DQ1_TOETE_NPC	6098	10	0	
DQ1_TOETE_ITEM	6100	10	0	
DQ1_ESCORT_NPC	6138	10	0	
DQ2_GEISEL_ANIMAL_2621	6237	15	0	
DQ2_GEISEL_NPC_2621	6238	11	0	
DQ2_GEISEL_ANIMAL_2622	6246	15	0	
DQ2_GEISEL_NPC_2622	6247	11	0	
DQ2_GEISEL_ANIMAL_2623	6255	15	0	
DQ2_GEISEL_NPC_2623	6256	11	0	
DQ2_GEISEL_ANIMAL_2624	6264	15	0	
DQ2_GEISEL_NPC_2624	6265	11	0	
DQ2_BRINGE_NPC	6274	10	0	
DQ2_BRINGE_ITEM	6308	10	0	
DQ2_TOETE_NPC	6350	10	0	
DQ2_TOETE_ITEM	6352	10	0	
DQ2_ESCORT_NPC	6390	10	0	
DQ3_GEISEL_ANIMAL_2641	6489	15	0	
DQ3_GEISEL_NPC_2641	6490	11	0	
DQ3_GEISEL_ANIMAL_2642	6498	15	0	
DQ3_GEISEL_NPC_2642	6499	11	0	
DQ3_GEISEL_ANIMAL_2643	6507	15	0	
DQ3_GEISEL_NPC_2643	6508	11	0	
DQ3_GEISEL_ANIMAL_2644	6516	15	0	
DQ3_GEISEL_NPC_2644	6517	11	0	
DQ3_BRINGE_NPC	6526	10	0	
DQ3_BRINGE_ITEM	6560	10	0	
DQ3_TOETE_NPC	6602	10	0	
DQ3_TOETE_ITEM	6604	10	0	
DQ3_ESCORT_NPC	6642	10	0	
DQ4_GEISEL_ANIMAL_2661	6741	15	0	
DQ4_GEISEL_NPC_2661	6742	11	0	
DQ4_GEISEL_ANIMAL_2662	6750	15	0	
DQ4_GEISEL_NPC_2662	6751	11	0	
DQ4_GEISEL_ANIMAL_2663	6759	15	0	
DQ4_GEISEL_NPC_2663	6760	11	0	
DQ4_GEISEL_ANIMAL_2664	6768	15	0	
DQ4_GEISEL_NPC_2664	6769	11	0	
DQ4_BRINGE_NPC	6778	10	0	
DQ4_BRINGE_ITEM	6812	10	0	
DQ4_TOETE_NPC	6854	10	0	
DQ4_TOETE_ITEM	6856	10	0	
DQ4_ESCORT_NPC	6894	10	0	
DQ5_GEISEL_ANIMAL_2681	6993	15	0	
DQ5_GEISEL_NPC_2681	6994	11	0	
DQ5_GEISEL_ANIMAL_2682	7002	15	0	
DQ5_GEISEL_NPC_2682	7003	11	0	
DQ5_GEISEL_ANIMAL_2683	7011	15	0	
DQ5_GEISEL_NPC_2683	7012	11	0	
DQ5_GEISEL_ANIMAL_2684	7020	15	0	
DQ5_GEISEL_NPC_2684	7021	11	0	
DQ5_BRINGE_NPC	7030	10	0	
DQ5_BRINGE_ITEM	7064	10	0	
DQ5_TOETE_NPC	7106	10	0	
DQ5_TOETE_ITEM	7108	10	0	
DQ5_ESCORT_NPC	7146	10	0	
DQ6_GEISEL_ANIMAL_2701	7245	15	0	
DQ6_GEISEL_NPC_2701	7246	11	0	
DQ6_GEISEL_ANIMAL_2702	7254	15	0	
DQ6_GEISEL_NPC_2702	7255	11	0	
DQ6_GEISEL_ANIMAL_2703	7263	15	0	
DQ6_GEISEL_NPC_2703	7264	11	0	
DQ6_GEISEL_ANIMAL_2704	7272	15	0	
DQ6_GEISEL_NPC_2704	7273	11	0	
DQ6_BRINGE_NPC	7282	10	0	
DQ6_BRINGE_ITEM	7316	10	0	
DQ6_TOETE_NPC	7358	10	0	
DQ6_TOETE_ITEM	7360	10	0	
DQ6_ESCORT_NPC	7398	10	0	
DQ7_GEISEL_ANIMAL_2721	7497	15	0	
DQ7_GEISEL_NPC_2721	7498	11	0	
DQ7_GEISEL_ANIMAL_2722	7506	15	0	
DQ7_GEISEL_NPC_2722	7507	11	0	
DQ7_GEISEL_ANIMAL_2723	7515	15	0	
DQ7_GEISEL_NPC_2723	7516	11	0	
DQ7_GEISEL_ANIMAL_2724	7524	15	0	
DQ7_GEISEL_NPC_2724	7525	11	0	
DQ7_BRINGE_NPC	7534	10	0	
DQ7_BRINGE_ITEM	7568	10	0	
DQ7_TOETE_NPC	7610	10	0	
DQ7_TOETE_ITEM	7612	10	0	
DQ7_ESCORT_NPC	7650	10	0	
DQ8_GEISEL_ANIMAL_2741	7749	15	0	
DQ8_GEISEL_NPC_2741	7750	11	0	
DQ8_GEISEL_ANIMAL_2742	7758	15	0	
DQ8_GEISEL_NPC_2742	7759	11	0	
DQ8_GEISEL_ANIMAL_2743	7767	15	0	
DQ8_GEISEL_NPC_2743	7768	11	0	
DQ8_GEISEL_ANIMAL_2744	7776	15	0	
DQ8_GEISEL_NPC_2744	7777	11	0	
DQ8_BRINGE_NPC	7786	10	0	
DQ8_BRINGE_ITEM	7820	10	0	
DQ8_TOETE_NPC	7862	10	0	
DQ8_TOETE_ITEM	7864	10	0	
DQ8_ESCORT_NPC	7902	10	0	
DQ9_GEISEL_ANIMAL_2761	8001	15	0	
DQ9_GEISEL_NPC_2761	8002	11	0	
DQ9_GEISEL_ANIMAL_2762	8010	15	0	
DQ9_GEISEL_NPC_2762	8011	11	0	
DQ9_GEISEL_ANIMAL_2763	8019	15	0	
DQ9_GEISEL_NPC_2763	8020	11	0	
DQ9_GEISEL_ANIMAL_2764	8028	15	0	
DQ9_GEISEL_NPC_2764	8029	11	0	
DQ9_BRINGE_NPC	8038	10	0	
DQ9_BRINGE_ITEM	8072	10	0	
DQ9_TOETE_NPC	8114	10	0	
DQ9_TOETE_ITEM	8116	10	0	
DQ9_ESCORT_NPC	8154	10	0	
DQ10_GEISEL_ANIMAL_2781	8253	15	0	
DQ10_GEISEL_NPC_2781	8254	11	0	
DQ10_GEISEL_ANIMAL_2782	8262	15	0	
DQ10_GEISEL_NPC_2782	8263	11	0	
DQ10_GEISEL_ANIMAL_2783	8271	15	0	
DQ10_GEISEL_NPC_2783	8272	11	0	
DQ10_GEISEL_ANIMAL_2784	8280	15	0	
DQ10_GEISEL_NPC_2784	8281	11	0	
DQ10_BRINGE_NPC	8290	10	0	
DQ10_BRINGE_ITEM	8324	10	0	
DQ10_TOETE_NPC	8366	10	0	
DQ10_TOETE_ITEM	8368	10	0	
DQ10_ESCORT_NPC	8406	10	0	
DQ11_GEISEL_ANIMAL_2801	8505	15	0	
DQ11_GEISEL_NPC_2801	8506	11	0	
DQ11_GEISEL_ANIMAL_2802	8514	15	0	
DQ11_GEISEL_NPC_2802	8515	11	0	
DQ11_GEISEL_ANIMAL_2803	8523	15	0	
DQ11_GEISEL_NPC_2803	8524	11	0	
DQ11_GEISEL_ANIMAL_2804	8532	15	0	
DQ11_GEISEL_NPC_2804	8533	11	0	
DQ11_BRINGE_NPC	8542	10	0	
DQ11_BRINGE_ITEM	8576	10	0	
DQ11_TOETE_NPC	8618	10	0	
DQ11_TOETE_ITEM	8620	10	0	
DQ11_ESCORT_NPC	8658	10	0	
DQ12_GEISEL_ANIMAL_2821	8757	15	0	
DQ12_GEISEL_NPC_2821	8758	11	0	
DQ12_GEISEL_ANIMAL_2822	8766	15	0	
DQ12_GEISEL_NPC_2822	8767	11	0	
DQ12_GEISEL_ANIMAL_2823	8775	15	0	
DQ12_GEISEL_NPC_2823	8776	11	0	
DQ12_GEISEL_ANIMAL_2824	8784	15	0	
DQ12_GEISEL_NPC_2824	8785	11	0	
DQ12_BRINGE_NPC	8794	10	0	
DQ12_BRINGE_ITEM	8828	10	0	
DQ12_TOETE_NPC	8870	10	0	
DQ12_TOETE_ITEM	8872	10	0	
DQ12_ESCORT_NPC	8910	10	0	
DQ13_GEISEL_ANIMAL_2841	9018	15	0	
DQ13_GEISEL_NPC_2841	9019	11	0	
DQ13_GEISEL_ANIMAL_2842	9027	15	0	
DQ13_GEISEL_NPC_2842	9028	11	0	
DQ13_GEISEL_ANIMAL_2843	9036	15	0	
DQ13_GEISEL_NPC_2843	9037	11	0	
DQ13_GEISEL_ANIMAL_2844	9045	15	0	
DQ13_GEISEL_NPC_2844	9046	11	0	
DQ13_BRINGE_NPC	9055	10	0	
DQ13_BRINGE_ITEM	9089	10	0	
DQ13_TOETE_NPC	9131	10	0	
DQ13_TOETE_ITEM	9133	10	0	
DQ13_ESCORT_NPC	9171	10	0	
DQ15_GEISEL_ANIMAL_2881	9270	15	0	
DQ15_GEISEL_NPC_2881	9271	11	0	
DQ15_GEISEL_ANIMAL_2882	9279	15	0	
DQ15_GEISEL_NPC_2882	9280	11	0	
DQ15_GEISEL_ANIMAL_2883	9288	15	0	
DQ15_GEISEL_NPC_2883	9289	11	0	
DQ15_GEISEL_ANIMAL_2884	9297	15	0	
DQ15_GEISEL_NPC_2884	9298	11	0	
DQ15_BRINGE_NPC	9307	10	0	
DQ15_BRINGE_ITEM	9341	10	0	
DQ15_TOETE_NPC	9383	10	0	
DQ15_TOETE_ITEM	9385	10	0	
DQ15_ESCORT_NPC	9423	10	0	
DQ16_GEISEL_ANIMAL_2901	9522	15	0	
DQ16_GEISEL_NPC_2901	9523	11	0	
DQ16_GEISEL_ANIMAL_2902	9531	15	0	
DQ16_GEISEL_NPC_2902	9532	11	0	
DQ16_GEISEL_ANIMAL_2903	9540	15	0	
DQ16_GEISEL_NPC_2903	9541	11	0	
DQ16_GEISEL_ANIMAL_2904	9549	15	0	
DQ16_GEISEL_NPC_2904	9550	11	0	
DQ16_BRINGE_NPC	9559	10	0	
DQ16_BRINGE_ITEM	9593	10	0	
DQ16_TOETE_NPC	9635	10	0	
DQ16_TOETE_ITEM	9637	10	0	
DQ16_ESCORT_NPC	9675	10	0	
DQ17_GEISEL_ANIMAL_2921	9774	15	0	
DQ17_GEISEL_NPC_2921	9775	11	0	
DQ17_GEISEL_ANIMAL_2922	9783	15	0	
DQ17_GEISEL_NPC_2922	9784	11	0	
DQ17_GEISEL_ANIMAL_2923	9792	15	0	
DQ17_GEISEL_NPC_2923	9793	11	0	
DQ17_GEISEL_ANIMAL_2924	9801	15	0	
DQ17_GEISEL_NPC_2924	9802	11	0	
DQ17_BRINGE_NPC	9811	10	0	
DQ17_BRINGE_ITEM	9845	10	0	
DQ17_TOETE_NPC	9887	10	0	
DQ17_TOETE_ITEM	9889	10	0	
DQ17_ESCORT_NPC	9927	10	0	
DQ18_GEISEL_ANIMAL_2941	10026	15	0	
DQ18_GEISEL_NPC_2941	10027	11	0	
DQ18_GEISEL_ANIMAL_2942	10035	15	0	
DQ18_GEISEL_NPC_2942	10036	11	0	
DQ18_GEISEL_ANIMAL_2943	10044	15	0	
DQ18_GEISEL_NPC_2943	10045	11	0	
DQ18_GEISEL_ANIMAL_2944	10053	15	0	
DQ18_GEISEL_NPC_2944	10054	11	0	
DQ18_BRINGE_NPC	10063	10	0	
DQ18_BRINGE_ITEM	10097	10	0	
DQ18_TOETE_NPC	10139	10	0	
DQ18_TOETE_ITEM	10141	10	0	
DQ18_ESCORT_NPC	10179	10	0	
DQ19_GEISEL_ANIMAL_2961	10278	15	0	
DQ19_GEISEL_NPC_2961	10279	11	0	
DQ19_GEISEL_ANIMAL_2962	10287	15	0	
DQ19_GEISEL_NPC_2962	10288	11	0	
DQ19_GEISEL_ANIMAL_2963	10296	15	0	
DQ19_GEISEL_NPC_2963	10297	11	0	
DQ19_GEISEL_ANIMAL_2964	10305	15	0	
DQ19_GEISEL_NPC_2964	10306	11	0	
DQ19_BRINGE_NPC	10315	10	0	
DQ19_BRINGE_ITEM	10349	10	0	
DQ19_TOETE_NPC	10391	10	0	
DQ19_TOETE_ITEM	10393	10	0	
DQ19_ESCORT_NPC	10431	10	0	
DQ20_GEISEL_ANIMAL_2981	10530	15	0	
DQ20_GEISEL_NPC_2981	10531	11	0	
DQ20_GEISEL_ANIMAL_2982	10539	15	0	
DQ20_GEISEL_NPC_2982	10540	11	0	
DQ20_GEISEL_ANIMAL_2983	10548	15	0	
DQ20_GEISEL_NPC_2983	10549	11	0	
DQ20_GEISEL_ANIMAL_2984	10557	15	0	
DQ20_GEISEL_NPC_2984	10558	11	0	
DQ20_BRINGE_NPC	10567	10	0	
DQ20_BRINGE_ITEM	10601	10	0	
DQ20_TOETE_NPC	10643	10	0	
DQ20_TOETE_ITEM	10645	10	0	
DQ20_ESCORT_NPC	10683	10	0	
DQ21_GEISEL_ANIMAL_3001	10782	15	0	
DQ21_GEISEL_NPC_3001	10783	11	0	
DQ21_GEISEL_ANIMAL_3002	10791	15	0	
DQ21_GEISEL_NPC_3002	10792	11	0	
DQ21_GEISEL_ANIMAL_3003	10800	15	0	
DQ21_GEISEL_NPC_3003	10801	11	0	
DQ21_GEISEL_ANIMAL_3004	10809	15	0	
DQ21_GEISEL_NPC_3004	10810	11	0	
DQ21_BRINGE_NPC	10819	10	0	
DQ21_BRINGE_ITEM	10853	10	0	
DQ21_TOETE_NPC	10895	10	0	
DQ21_TOETE_ITEM	10897	10	0	
DQ21_ESCORT_NPC	10935	10	0	
DQ22_GEISEL_ANIMAL_3021	11034	15	0	
DQ22_GEISEL_NPC_3021	11035	11	0	
DQ22_GEISEL_ANIMAL_3022	11043	15	0	
DQ22_GEISEL_NPC_3022	11044	11	0	
DQ22_GEISEL_ANIMAL_3023	11052	15	0	
DQ22_GEISEL_NPC_3023	11053	11	0	
DQ22_GEISEL_ANIMAL_3024	11061	15	0	
DQ22_GEISEL_NPC_3024	11062	11	0	
DQ22_BRINGE_NPC	11071	10	0	
DQ22_BRINGE_ITEM	11105	10	0	
DQ22_TOETE_NPC	11147	10	0	
DQ22_TOETE_ITEM	11149	10	0	
DQ22_ESCORT_NPC	11187	10	0	
DQ23_GEISEL_ANIMAL_3041	11286	15	0	
DQ23_GEISEL_NPC_3041	11287	11	0	
DQ23_GEISEL_ANIMAL_3042	11295	15	0	
DQ23_GEISEL_NPC_3042	11296	11	0	
DQ23_GEISEL_ANIMAL_3043	11304	15	0	
DQ23_GEISEL_NPC_3043	11305	11	0	
DQ23_GEISEL_ANIMAL_3044	11313	15	0	
DQ23_GEISEL_NPC_3044	11314	11	0	
DQ23_BRINGE_NPC	11323	10	0	
DQ23_BRINGE_ITEM	11357	10	0	
DQ23_TOETE_NPC	11399	10	0	
DQ23_TOETE_ITEM	11401	10	0	
DQ23_ESCORT_NPC	11439	10	0	
auftrag09	11536	8	0	
auftrag10	11547	0	694	
hauptmann_atmos10	11548	-1	0	
auftrag11	11555	0	0	
auftrag22	11563	0	38	
auftrag210	11572	10	709	
ziel210	11574	10	710	
sera_atmos20	11575	13	0	
geschlossen101	11584	13	717	
notmage	11589	13	720	
Hilfetext	11597	1042	0	
Pre_Tutorial	11619	-1	0	
SergantTreville41	11624	0	767	
DlgValorsWache	11632	8	784	
SergantTreville42	11634	0	0	
SergantTreville44	11643	8	0	
DlgWillbur43	11647	8	782	
DlgPrinzValor43	11650	0	0	
DlgWillbur44	11657	1	0	
DlgPrinzValor44	11659	0	0	
DlgDeMordrey45	11666	0	0	
DlgDeMordreysHauptmann	11667	8	0	
DlgWillbur45	11669	4	0	
DlgBrьckenwдchter51	11694	8	785	
DlgBrьckenwдchter2_51	11695	8	791	
DlgSterbenderSoldat52	11705	0	0	
PferdTot52	11707	15	0	
DlgSterbenderSoldat53	11714	1	0	
DlgBaronessVilya53	11716	8	802	
DlgWacheBaronessVilya53	11717	8	799	
DlgBaronessVilya54	11726	0	0	
DlgWesttorWache54	11727	8	0	
DlgWacheBaronessVilya54	11728	8	0	
DlgPrinzValor55	11740	0	0	
DlgMagierShareef55	11741	8	805	
DlgBaronessVilya55	11742	8	0	
Cinematic2	11745	4	0	
ziel_goodie_wueste	11748	14	0	
DlgHure56	11761	8	806	
DlgBettler56	11762	8	807	
DlgSoldat56	11764	1	0	
DlgSpitzel57	11774	1	0	
DlgPrinzValor58	11784	1	0	
DlgBaroness58	11785	8	0	
DlgRebellen58	11786	8	0	
DlgMagierShareef59	11794	8	0	
DlgPrinzValor59	11795	8	0	
DlgArbeiter59	11796	14	808	
DlgOberin50	11806	0	0	
DlgHologram50	11807	1	0	
auftrag_wueste	11857	14	809	
DlgShareef61	11874	0	0	
DlgTorfstecher	11909	8	822	
DlgShareef71	11917	1	0	
DlgShareef67	11927	1	0	
DlgOgreGlubba67	11928	0	0	
DlgOgreGlubba670	11935	3	0	670.0
DlgShareef71	11962	1	0	
DlgPrinzValor71	11963	8	0	
DlgPrinzValor72	11978	0	0	
DlgShareef73	11987	8	0	
ShaddarMachtErnst74	12007	1	0	
DlgValorArrogant74	12009	8	0	
DlgVilyaSegen74	12010	8	0	
DlgShareef74	12022	0	0	
DlgMagier81	12041	4	0	
DlgValor81	12042	0	0	
Char_Export_Enable	12047	-1	0	
Vilya_wahr		1060		
vylia_wut		1060		
Anducar_droht		1061		
save_bitte		1061		
EndeVomLied		1062		11110.0
