key	offset	type	value	raw
BalanceDmg	4	f32	1.0	0x3f800000
BalanceRes	8	f32	1.0	0x3f800000
BalanceMag	12	f32	1.0	0x3f800000
BalanceResPh	16	f32	22.0	0x41b00000
BalanceResFe	20	f32	17.0	0x41880000
BalanceResMa	24	f32	17.0	0x41880000
BalanceResGi	28	f32	25.0	0x41c80000
BalStatOff	32	f32	20.0	0x41a00000
BalCharPD	36	f32	220.0	0x435c0000
BalCharFD	40	f32	440.0	0x43dc0000
BalCharMD	44	f32	220.0	0x435c0000
BalCharGD	48	f32	440.0	0x43dc0000
BalCharPR	52	f32	280.0	0x438c0000
BalCharFR	56	f32	280.0	0x438c0000
BalCharMR	60	f32	320.0	0x43a00000
BalCharGR	64	f32	260.0	0x43820000
WKoff	68	f32	12.0	0x41400000
WK_s	72	f32	50.0	0x42480000
WK_w	76	f32	200.0	0x43480000
MKoff	80	f32	12.0	0x41400000
MK_s	84	f32	50.0	0x42480000
MK_w	88	f32	200.0	0x43480000
FKoffAW	92	f32	12.0	0x41400000
FK_s_AW	96	f32	50.0	0x42480000
FK_w_AW	100	f32	200.0	0x43480000
FKoffSP	104	f32	6.0	0x40c00000
FK_s_SP	108	f32	50.0	0x42480000
FK_w_SP	112	f32	100.0	0x42c80000
SKoffAW	116	f32	9.0	0x41100000
SK_s_AW	120	f32	50.0	0x42480000
SK_w_AW	124	f32	150.0	0x43160000
SKoffSP	128	f32	6.0	0x40c00000
SK_s_SP	132	f32	50.0	0x42480000
SK_w_SP	136	f32	100.0	0x42c80000
AKoffAW	140	f32	9.0	0x41100000
AK_s_AW	144	f32	50.0	0x42480000
AK_w_AW	148	f32	150.0	0x43160000
AKoffSP	152	f32	6.0	0x40c00000
AK_s_SP	156	f32	50.0	0x42480000
AK_w_SP	160	f32	100.0	0x42c80000
KKoffAW	164	f32	9.0	0x41100000
KK_s_AW	168	f32	50.0	0x42480000
KK_w_AW	172	f32	150.0	0x43160000
KKoffSP	176	f32	6.0	0x40c00000
KK_s_SP	180	f32	50.0	0x42480000
KK_w_SP	184	f32	100.0	0x42c80000
STKoffAW	188	f32	9.0	0x41100000
STK_s_AW	192	f32	50.0	0x42480000
STK_w_AW	196	f32	150.0	0x43160000
STKoffSP	200	f32	6.0	0x40c00000
STK_s_SP	204	f32	50.0	0x42480000
STK_w_SP	208	f32	100.0	0x42c80000
BKoffAW	212	f32	12.0	0x41400000
BK_s_AW	216	f32	50.0	0x42480000
BK_w_AW	220	f32	200.0	0x43480000
BKoffSP	224	f32	6.0	0x40c00000
BK_s_SP	228	f32	50.0	0x42480000
BK_w_SP	232	f32	100.0	0x42c80000
FEKoffAW	236	f32	9.0	0x41100000
FEK_s_AW	240	f32	50.0	0x42480000
FEK_w_AW	244	f32	150.0	0x43160000
FEKoffSP	248	f32	6.0	0x40c00000
FEK_s_SP	252	f32	50.0	0x42480000
FEK_w_SP	256	f32	100.0	0x42c80000
HMoff	260	f32	6.0	0x40c00000
HM__s	264	f32	50.0	0x42480000
HM__w	268	f32	100.0	0x42c80000
FMoff	272	f32	6.0	0x40c00000
FM__s	276	f32	50.0	0x42480000
FM__w	280	f32	100.0	0x42c80000
EMoff	284	f32	6.0	0x40c00000
EM__s	288	f32	50.0	0x42480000
EM__w	292	f32	100.0	0x42c80000
WMoff	296	f32	6.0	0x40c00000
WM__s	300	f32	50.0	0x42480000
WM__w	304	f32	100.0	0x42c80000
LMoff	308	f32	6.0	0x40c00000
LM__s	312	f32	50.0	0x42480000
LM__w	316	f32	100.0	0x42c80000
MMoff	320	f32	6.0	0x40c00000
MM__s	324	f32	50.0	0x42480000
MM__w	328	f32	100.0	0x42c80000
BAoff	332	f32	6.0	0x40c00000
BA__s	336	f32	50.0	0x42480000
BA__w	340	f32	100.0	0x42c80000
BLoff	344	f32	6.0	0x40c00000
BL__s	348	f32	50.0	0x42480000
BL__w	352	f32	100.0	0x42c80000
KOoff	356	f32	12.0	0x41400000
KO__s	360	f32	50.0	0x42480000
KO__w	364	f32	300.0	0x43960000
Medoff	368	f32	12.0	0x41400000
Med__s	372	f32	50.0	0x42480000
Med__w	376	f32	300.0	0x43960000
WoffAW	380	f32	7.0	0x40e00000
W__sAW	384	f32	50.0	0x42480000
W__wAW	388	f32	125.0	0x42fa0000
WoffVW	392	f32	13.0	0x41500000
W__sVW	396	f32	50.0	0x42480000
W__wVW	400	f32	225.0	0x43610000
HRoffAW	404	f32	6.0	0x40c00000
HR__sAW	408	f32	50.0	0x42480000
HR__wAW	412	f32	150.0	0x43160000
HPoffVW	416	f32	4.0	0x40800000
HP__sVW	420	f32	50.0	0x42480000
HP__wVW	424	f32	130.0	0x43020000
Poff	428	f32	15.0	0x41700000
P__s	432	f32	50.0	0x42480000
P__w	436	f32	250.0	0x437a0000
PoffS	440	f32	25.0	0x41c80000
P__sS	444	f32	50.0	0x42480000
P__wS	448	f32	375.0	0x43bb8000
RoffPh	452	f32	12.0	0x41400000
R__sPh	456	f32	50.0	0x42480000
R__wPh	460	f32	250.0	0x437a0000
RoffFe	464	f32	12.0	0x41400000
R__sFe	468	f32	50.0	0x42480000
R__wFe	472	f32	200.0	0x43480000
RoffMa	476	f32	12.0	0x41400000
R__sMa	480	f32	50.0	0x42480000
R__wMa	484	f32	200.0	0x43480000
RoffGi	488	f32	12.0	0x41400000
R__sGi	492	f32	50.0	0x42480000
R__wGi	496	f32	200.0	0x43480000
RoffSP	500	f32	1.0	0x3f800000
R_s_SP	504	f32	50.0	0x42480000
R_w_SP	508	f32	10.0	0x41200000
SpawnWeaponMin	512	f32	25.0	0x41c80000
SpawnWeaponMax	516	f32	275.0	0x43898000
PriceDmg:	520	f32	300.0	0x43960000
PriceRes:	532	f32	450.0	0x43e10000
PriceBoni:	544	f32	100.0	0x42c80000
PrieUnic:	572	i32	0	0x00000000
PriceSlot:	588	i32	0	0x00000000
PriceLevel:	608	i32	0	0x00000000
PriceAwVw:	620	i32	0	0x00000000
PriceDFe	644	f32	2.0	0x40000000
PriceRFe	656	f32	1.0	0x3f800000
PriceDMa	668	f32	2.0	0x40000000
PriceRMa	680	f32	2.0	0x40000000
PriceDGi	692	f32	1.7	0x3fd9999a
PriceRGi	704	f32	1.5	0x3fc00000
PriceDPh	716	f32	1.0	0x3f800000
PriceRPh	728	f32	2.0	0x40000000
HP_s1	740	f32	1.0	0x3f800000
HP_w1	744	f32	0.75	0x3f400000
HP_s2	748	f32	4.0	0x40800000
HP_w2	752	f32	0.8	0x3f4ccccd
HP_s3	756	f32	10.0	0x41200000
HP_w3	760	f32	0.9	0x3f666666
HP_s4	764	f32	20.0	0x41a00000
HP_w4	768	f32	1.0	0x3f800000
HP_s5	772	f32	35.0	0x420c0000
HP_w5	776	f32	1.1	0x3f8ccccd
skilllearn1	780	i32	3	0x00000003
skilllearn2	784	i32	6	0x00000006
skilllearn3	788	i32	12	0x0000000c
skilllearn4	792	i32	20	0x00000014
skilllearn5	796	i32	30	0x0000001e
skilllearn6	800	i32	50	0x00000032
DAEM	804	i32	0	0x00000000
inventory	1444	i32	5171	0x00001433
lotto2	1704	i32	100	0x00000064
lotto3	1708	i32	500	0x000001f4
lotto4	1712	i32	2000	0x000007d0
UpgradeDrop	1788	f32	50.0	0x42480000
GameSpeed	1792	f32	1.25	0x3fa00000
WurfWarsch	1796	f32	350.0	0x43af0000
WurfMulti	1800	f32	0.15	0x3e19999a
WurfBoss	1804	f32	2.0	0x40000000
HarteSau	1808	f32	20.0	0x41a00000
ProzAW	1812	f32	1.0	0x3f800000
ProzHP	1836	f32	1.1	0x3f8ccccd
ProzDmg	1860	f32	1.0	0x3f800000
ProzRes	1884	f32	2.5	0x40200000
ProzExp	1908	f32	1.35	0x3faccccd
OffLevel	1932	i32	0	0x00000000
Respawn	1956	f32	300.0	0x43960000
RegFakHero	1960	f32	1.5	0x3fc00000
DropAll	1964	i32	0	0x00000000
WaffenAll	1968	f32	0.6	0x3f19999a
FernAll	1988	f32	0.5	0x3f000000
RuestAll	2008	f32	0.8	0x3f4ccccd
MagieAll	2028	f32	0.58	0x3f147ae1
AllOverLv	2048	i32	0	0x00000000
RunenProLevel_G	2068	f32	1.2	0x3f99999a
RunenProLevel_S	2072	f32	1.85	0x3feccccd
RunenProLevel_E	2076	f32	1.75	0x3fe00000
RunenProLevel_D	2080	f32	1.75	0x3fe00000
RunenProLevel_M	2084	f32	2.2	0x400ccccd
RunenProLevel_V	2088	f32	2.2	0x400ccccd
RunenProLevel_T	2092	f32	1.9	0x3ff33333
RunenProLevel_Z	2096	f32	1.75	0x3fe00000
DropWaffe	2208	i32	330	0x0000014a
DropRuestung	2212	i32	880	0x00000370
DropGold	2216	i32	300	0x0000012c
DropSonst	2220	i32	1000	0x000003e8
GoldProLevel	2224	i32	20	0x00000014
DropSaft	2232	i32	180	0x000000b4
LevelUpBoss	2236	i32	2	0x00000002
LevelUpChamp	2240	i32	2	0x00000002
HPFakBoss	2244	f32	2.5	0x40200000
HPFakChamp	2248	f32	2.0	0x40000000
VWFakBoss	2252	f32	2.0	0x40000000
VWFakChamp	2256	f32	1.5	0x3fc00000
AWFakBoss	2260	f32	1.5	0x3fc00000
AWFakChamp	2264	f32	1.3	0x3fa66666
Healthbar	2268	i32	-520126416	0xe0ff8030
Healthborder	2272	i32	-32720	0xffff8030
FernAWMin	2276	i32	250	0x000000fa
FernAWMax	2280	i32	1000	0x000003e8
FernAWProz	2284	f32	0.25	0x3e800000
ARGBInfoText	2288	i32	36	0x00000024
RegInFight	2288	i32	36	0x00000024
RegEnemyNear	2292	i32	48	0x00000030
RegNoEnemy	2296	i32	128	0x00000080
GoldXLev	2300	f32	300.0	0x43960000
GoldX2Lev	2304	f32	0.6	0x3f19999a
840_Glckskind	2308	i32	20	0x00000014
841_Blutdurst	2312	i32	80	0x00000050
842_Schmerz	2316	i32	30	0x0000001e
843_erkenntniss	2320	i32	50	0x00000032
846_Zerteilen	2324	i32	50	0x00000032
852_schreken	2328	i32	30	0x0000001e
853_Weitsicht	2332	i32	30	0x0000001e
854_Knockback	2336	i32	50	0x00000032
855_Fluggegner	2340	i32	60	0x0000003c
856_Diebesgut	2344	i32	30	0x0000001e
857_OffeneWunden	2348	i32	50	0x00000032
859_Kritischer	2352	i32	150	0x00000096
865_licht	2356	i32	30	0x0000001e
866_Gold_statt_Leben	2360	i32	20	0x00000014
867_Tollwut	2364	i32	80	0x00000050
864_Metzger	2368	i32	200	0x000000c8
849_Erprobung	2372	i32	500	0x000001f4
845_Konzentration	2376	i32	850	0x00000352
844_Weisheit	2380	i32	1000	0x000003e8
847_Schutzgeist	2384	i32	50	0x00000032
848_Agilitat	2388	i32	50	0x00000032
850_Nachtschicht	2392	i32	30	0x0000001e
851_Tag	2396	i32	20	0x00000014
TransSize	2404	f32	190.0	0x433e0000
TransValu	2408	f32	50.0	0x42480000
shaddar_slave_dmg_ph	2412	f32	100.0	0x42c80000
shaddar_slave_dmg_ma	2416	f32	100.0	0x42c80000
shaddar_slave_dmg_fi	2420	f32	100.0	0x42c80000
shaddar_slave_dmg_po	2424	f32	100.0	0x42c80000
shaddar_slave_speed	2428	f32	85.0	0x42aa0000
SpawnAnimalsSP	2432	f32	0.8	0x3f4ccccd
SpawnAnimalsMP	2436	f32	0.5	0x3f000000
SpawnEnemysSP	2440	f32	1.2	0x3f99999a
SpawnEnemysMP	2444	f32	1.02	0x3f828f5c
LevelKap	2448	i32	50	0x00000032
ObereEXPAnteil	2472	f32	1.2	0x3f99999a
UnterExpAnteil	2476	f32	0.85	0x3f59999a
ObereEXPVoll	2480	f32	1.1	0x3f8ccccd
UnterExpVoll	2484	f32	1.0	0x3f800000
StartLevMulti	2488	i32	20	0x00000014
DungeonRespawn	2512	f32	1000.0	0x447a0000
RareGegen	2516	f32	0.6	0x3f19999a
RareHeroReiter	2520	f32	1.0	0x3f800000
RareDurch	2524	f32	1.0	0x3f800000
rare	2528	f32	100.0	0x42c80000
RareSlotBronze	4328	f32	0.1	0x3dcccccd
RareSlotSilber	4332	f32	0.1	0x3dcccccd
RareSlotGold	4336	f32	0.1	0x3dcccccd
Multipfeil	4340	f32	0.83	0x3f547ae1
dragonfire_dmg_ph	4344	f32	2.0	0x40000000
dragonfire_dmg_fi	4348	f32	2.5	0x40200000
dragonfire_dmg_po	4352	i32	0	0x00000000
dragonfire_dmg_ma	4356	i32	0	0x00000000
dryadghost_dmg_ph	4360	f32	2.0	0x40000000
dryadghost_dmg_fi	4364	f32	2.5	0x40200000
dryadghost_dmg_po	4368	i32	0	0x00000000
dryadghost_dmg_ma	4372	i32	0	0x00000000
MultipfeilSP	4376	f32	0.83	0x3f547ae1
Teambonus	4380	f32	1.33	0x3faa3d71
MinLevelFactor	4384	f32	0.8	0x3f4ccccd
PotionOfMentorPercent	4388	f32	0.5	0x3f000000
BluePotionSmallDur	4392	f32	90.0	0x42b40000
BluePotionMediumDur	4412	f32	90.0	0x42b40000
BluePotionLargeDur	4432	f32	90.0	0x42b40000
PotionOfUndeadDeathPercent	4452	f32	0.8	0x3f4ccccd
BlackPotionSmallDur	4456	f32	90.0	0x42b40000
BlackPotionMediumDur	4476	f32	90.0	0x42b40000
BlackPotionLargeDur	4496	f32	90.0	0x42b40000
BalanceGeschick	4516	f32	200.0	0x43480000
RuneInventoryFactor	4520	f32	3.0	0x40400000
RunesPerBoss	4524	f32	1.5	0x3fc00000
RuneChanceFactorMax	4528	f32	2.0	0x40000000
SlotFeasibility	4532	i32	250	0x000000fa
SlotFeasibility2	4536	i32	333	0x0000014d
OffLevelProz	4540	i32	9	0x00000009
BaseOffLevel	4564	i32	1	0x00000001
WurfAnzahl	4588	i32	1	0x00000001
PricePromille	4592	f32	1.0	0x3f800000
HealingPotion	4596	i32	120	0x00000078
PotionDiv	4608	i32	1	0x00000001
SpellFakBoss	4628	f32	1.4	0x3fb33333
SpellFakChamp	4632	f32	1.2	0x3f99999a
ItemThrowFactor	4636	f32	0.15	0x3e19999a
LongivityFactor	4640	f32	0.5	0x3f000000
LongivityCombatFactor	4644	f32	0.5	0x3f000000
ITBonus_BIG_DEMON	4648	i32	75	0x0000004b
ITBonus_DRAGON	4652	i32	60	0x0000003c
ITBonus_DRAGON_ICE	4656	i32	60	0x0000003c
ITBonus_DRAGON_UNDEAD	4660	i32	50	0x00000032
ITBonus_DRAGON_ICE03	4664	i32	60	0x0000003c
ITBonus_DRAGON_LOROMIR	4668	i32	60	0x0000003c
ITBonus_DRAGON_SIRITHCAM	4672	i32	60	0x0000003c
ITBonus_DRAGON_SWAMP02	4676	i32	50	0x00000032
ITBonus_MEDUSA	4680	i32	50	0x00000032
ITBonus_GIANT_SPIDER	4688	i32	35	0x00000023
ITThrowCountBonusChamp	4692	i32	3	0x00000003
ITThrowCountBonusBoss	4696	i32	4	0x00000004
ITBonusBoss	4700	i32	50	0x00000032
ITBonusChamp	4704	i32	35	0x00000023
SlotProbBonusMerchant	4708	i32	0	0x00000000
EXPBonusPerPlayer	4712	f32	0.55	0x3f0ccccd
TollwutFactor	4716	f32	1.0	0x3f800000
MPThrowfactor	4720	f32	0.25	0x3e800000
Kampfdaemonbremse	4724	f32	1.0	0x3f800000
HorseOverrideTime	4728	f32	10.0	0x41200000
SchreckenBase	4732	i32	25	0x00000019
HOMoff	4736	f32	6.0	0x40c00000
HOM__s	4740	f32	50.0	0x42480000
HOM__w	4744	f32	100.0	0x42c80000
WToff	4748	f32	6.0	0x40c00000
WT__s	4752	f32	50.0	0x42480000
WT__w	4756	f32	100.0	0x42c80000
WToffAW	4760	f32	9.0	0x41100000
WT_s_AW	4764	f32	50.0	0x42480000
WT_w_AW	4768	f32	150.0	0x43160000
WToffSP	4772	f32	6.0	0x40c00000
WT_s_SP	4776	f32	50.0	0x42480000
WT_w_SP	4780	f32	100.0	0x42c80000
Painkiller	4796	f32	100.0	0x42c80000
Leechfactor	4800	f32	1300.0	0x44a28000
LeechWithDist	4812	i32	1	0x00000001
spiderpuke_dmg_ph	4816	f32	1.0	0x3f800000
spiderpuke_dmg_fi	4820	i32	0	0x00000000
spiderpuke_dmg_ma	4824	i32	0	0x00000000
spiderpuke_dmg_po	4828	f32	5.0	0x40a00000
demonspiderpuke_dmg_ph	4832	f32	1.0	0x3f800000
demonspiderpuke_dmg_fi	4836	f32	5.0	0x40a00000
demonspiderpuke_dmg_ma	4840	i32	0	0x00000000
demonspiderpuke_dmg_po	4844	i32	0	0x00000000
SleepIdleSetIdleChance	4848	i32	20	0x00000014
JumboComboCocktail	4852	f32	300.0	0x43960000
ComboCocktail	4856	f32	200.0	0x43480000
DriversComboCocktail	4860	f32	120.0	0x42f00000
ReitenSkOff	4864	i32	67	0x00000043
ReitenSKLev	4868	i32	30	0x0000001e
ReitenSKMW	4872	i32	100	0x00000064
HandGunRange	4876	f32	300.0	0x43960000
HandGunFalloff	4880	f32	2.0	0x40000000
RifleRange	4884	f32	450.0	0x43e10000
RifleFalloff	4888	f32	1.5	0x3fc00000
DropQuality	4892	f32	40.0	0x42200000
DaemonDamageBonus	4896	f32	2.0	0x40000000
RarePositiveList	4900	i32	33	0x00000021
