id	name	argc	flag	handler	body
1	exportFunction1	3	4	0x402482	0x4cbaf0
2	exportFunction2	2	2	0x403e13	0x4cbb20
3	exportFunction3	1	2	0x401415	0x4cbb50
4	exportFunction4	4	None	0x4016cc	0x4cbb80
5	exportFunction5	4	None	0x402f1d	0x4cbc40
6	exportFunction6	1	2	0x40288d	0x4cbc70
7	console_exec	3	1	0x404dfe	0x466d60
9	dialogMgr_setEnable	3	1	0x4057bd	0x4637d0
10	dialogMgr_reset	3	1	0x405781	0x463830
11	diary_logQuest	3	1	0x4037c4	0x463880
13	view_create	3	1	0x405308	0x463d60
14	view_delete	3	1	0x40100a	0x463f40
15	view_setLocked	3	1	0x404692	0x464000
16	view_setActive	3	1	0x401e92	0x4640e0
17	view_getActiveID	3	1	0x404e80	0x464210
18	view_setNextActive	3	1	0x40456b	0x464250
19	view_setPosition	3	1	0x4056d7	0x4643a0
20	view_setPositionInc	3	1	0x4033e6	0x464450
21	view_setShowMinimap	3	1	0x4046dd	0x4644b0
23	view_getScrollStepX	3	1	0x40280b	0x4645d0
24	view_getScrollStepY	3	1	0x402dba	0x464670
25	item_create	3	1	0x402a2c	0x4647d0
27	item_createOnPatchX	3	1	0x401d0c	0x465250
28	item_destroy	3	1	0x4011f9	0x466790
29	item_setLookup	3	1	0x403ae4	0x465460
31	creature_getHeroRef	3	1	0x404dc2	0x465510
33	creature_moveTo	3	1	0x403260	0x465630
35	creature_setFacing	3	1	0x403b84	0x4658c0
36	creature_attack	3	1	0x404ff2	0x465960
37	creature_stayIdle	3	1	0x403f17	0x465990
39	creature_setDialog	3	1	0x40519b	0x465b00
40	creature_setDialogStr	3	1	0x402653	0x465c00
41	creature_onDeath	3	1	0x40308f	0x465cb0
42	creature_invPutItem	3	1	0x40567d	0x465d90
43	creature_invHasItem	3	1	0x40544d	0x465e30
45	creature_equipItem	3	1	0x4055ab	0x465f70
46	creature_isItemEquiped	3	1	0x405a4c	0x466050
47	creature_setAlliance	3	1	0x402fc7	0x4660f0
48	creature_setGroup	3	1	0x4056fa	0x466230
49	creature_setLeader	3	1	0x401b68	0x4663b0
50	creature_addExperience	3	1	0x4013ac	0x466700
51	creature_morph	3	1	0x4012ad	0x466520
52	creature_setLevel	3	1	0x404a7f	0x466670
54	onPatch_creature	3	1	0x401186	0x466a60
55	onPatch_itemType	3	1	0x4037e2	0x466ad0
56	trigger_setType	3	1	0x404025	0x466880
57	trigger_setState	3	1	0x404872	0x466960
58	trigger_resetState	3	1	0x404aac	0x4668f0
59	trigger_chkState	3	1	0x40388c	0x4669d0
60	soundSFX	3	1	0x40139d	0x466b60
61	playSfx	3	1	0x40139d	0x466b60
62	playSpeech	3	1	0x40582b	0x466be0
65	playMovie	3	1	0x404403	0x466d00
66	printText	3	1	0x404d9a	0x46c3f0
67	printTextResource	3	1	0x405a01	0x46c4b0
68	scriptTimed	3	1	0x404fed	0x46b720
69	questSetText	3	2	0x404f48	0x455860
70	questSetNextQuest	3	2	0x401b27	0x455930
71	questSetExperience	3	2	0x404732	0x455990
73	questResetFlag	3	2	0x404287	0x455fe0
74	questIsCompleted	3	2	0x40365c	0x455c80
75	questIsFailed	3	2	0x405970	0x455c20
