module	file	class	method	offset
engine	engine/engine.cpp	cEngine	createView	2591304
engine	engine/engine.cpp	cEngine	creature_equipItem	2592384
engine	engine/engine.cpp	cEngine	creature_invDelItem	2592316
engine	engine/engine.cpp	cEngine	creature_invHasItem	2592248
engine	engine/engine.cpp	cEngine	creature_modeCommand	2592616
engine	engine/engine.cpp	cEngine	creature_morph	2592560
engine	engine/engine.cpp	cEngine	creature_moveTo	2591964
engine	engine/engine.cpp	cEngine	creature_moveTo_ref	2592092
engine	engine/engine.cpp	cEngine	creature_setGroup	2592496
engine	engine/engine.cpp	cEngine	engine_setMode	2594192
engine	engine/engine.cpp	cEngine	item_create	2591600
engine	engine/engine.cpp	cEngine	item_setPosition	2591816
engine	engine/engine.cpp	cEngine	receive_event	2594264
engine	engine/engine.cpp	cEngine	renderThread	2590548
engine	engine/engine.cpp	cEngine	save	2594420
engine	engine/engine.cpp	cEngine	sendEvent	2594772
engine	engine/engine.cpp	cEngine	setNexView	2591540
engine	engine/engine.cpp	cEngine	simThread	2590742
engine	engine/engine.cpp	cEngine	view_create	2591380
engine	engine/sector.cpp	cSector	load	2595316
engine	engine/view.cpp	cWorldView	onChangeSector	2596332
engine	engine/view.cpp	cWorldView	setViewPosition	2595712
engine	engine/view.cpp	cWorldView2	showWorld	2595776
engine	engine/view1.cpp	cWorldView1	load	2596952
engine	engine/view2.cpp	cWorldView2	load	2597371
engine	engine/view3.cpp	cWorldView3	load	2597722
engine	engine/world.cpp	cKernel	load	2601648
engine	engine/world.cpp	cTimerNode	cTimerNode	2601780
engine	engine/world.cpp	cWorld	debugCheckRelXY	2601128
engine	engine/world.cpp	cWorld	debugCheckWorld	2600752
engine	engine/world.cpp	cWorld	debugTriggers	2600448
engine	engine/world.cpp	cWorld	getBlockerObject	2598772
engine	engine/world.cpp	cWorld	getContainerStateNum	2598284
engine	engine/world.cpp	cWorld	getParentObject	2598496
engine	engine/world.cpp	cWorld	getScriptObject	2598868
engine	engine/world.cpp	cWorld	load	2601312
engine	engine/world.cpp	cWorld	loadPatches	2599396
engine	engine/world.cpp	cWorld	loadSectors	2599476
engine	engine/world.cpp	cWorld	loadTriggers	2599884
engine	engine/world.cpp	cWorld	patches_reindex	2599236
engine	engine/world.cpp	cWorld	precalcSectorLookup	2600032
engine/calendar	engine/calendar/calendar.cpp	cAnimation2D	load	2587628
engine/calendar	engine/calendar/calendar.cpp	cWeatherManager	load	2588056
engine/granny	engine/granny/grannymgr.cpp	cGranny	GetCurrentTime	2548040
engine/granny	engine/granny/grannymgr.cpp	cGranny	advanceTime	2548148
engine/granny	engine/granny/grannymgr.cpp	cGranny	bindTexture	2548300
engine/granny	engine/granny/grannymgr.cpp	cGranny	bindTextures	2548232
engine/granny	engine/granny/grannymgr.cpp	cGranny	initialize	2547836
engine/granny	engine/granny/grannymgr.cpp	cGranny	render	2548368
engine/granny	engine/granny/grannymgr.cpp	cGranny	~cGranny	2548000
engine/granny	engine/granny/modelmgr.cpp	TypeManager	get	2550976
engine/granny	engine/granny/modelmgr.cpp	TypeManager	isHeroSpellcaster	2551020
engine/granny	engine/granny/modelmgr.cpp	cGrannyModelManager	flushCache	2549884
engine/granny	engine/granny/modelmgr.cpp	cGrannyModelManager	generateLookup	2550732
engine/granny	engine/granny/modelmgr.cpp	cGrannyModelManager	getModel	2549656
engine/granny	engine/granny/modelmgr.cpp	cGrannyModelManager	loadLookup	2550788
engine/granny	engine/granny/modelmgr.cpp	cGrannyModelManager	mdlDebug	2550568
engine/granny	engine/granny/modelmgr.cpp	cGrannyModelManager	pakReadHeader	2549960
engine/kampaign	engine/kampaign/quest.cpp	cQuestMgr	load	2588496
engine/object	engine/object/objectmgr.cpp	cItem	destroyContent	2585852
engine/object	engine/object/objectmgr.cpp	cItemDataMgr	load	2586672
engine/object	engine/object/objectmgr.cpp	cItemDataMgr	push	2584848
engine/object	engine/object/objectmgr.cpp	cObjectManager	allocate	2584284
engine/object	engine/object/objectmgr.cpp	cObjectManager	deallocate	2584708
engine/object	engine/object/objectmgr.cpp	cObjectManager	debug	2587316
engine/object	engine/object/objectmgr.cpp	cObjectManager	destroy	2584524
engine/object	engine/object/objectmgr.cpp	cObjectManager	loadEditor	2586624
engine/object	engine/object/objectmgr.cpp	cObjectManager	loadSector	2586456
engine/object	engine/object/objectmgr.cpp	cObjectManager	pop	2585044
engine/object	engine/object/objectmgr.cpp	cObjectManager	push	2584908
engine/object	engine/object/objectmgr.cpp	cObjectManager	save	2586764
engine/object	engine/object/objectmgr.cpp	cObjectManager	saveSector	2586344
engine/object	engine/object/objectmgr.cpp	cObjectManager	setLookup	2586032
engine/object	engine/object/objectmgr.cpp	cObjectManger	allocate	2584364
engine/object	engine/object/objectmgr.cpp	cObjectMgr	pop	2585240
engine/object	engine/object/objectmgr.cpp	cTrigger	resetState	2587460
engine/object	engine/object/objectmgr.cpp	cTrigger	setState	2587348
engine/object/base	engine/object/base/itemtype.cpp	TypeManager	isDefaultDarkside	2551152
engine/object/base	engine/object/base/itemtype.cpp	TypeManager	loadItemTypes	2551316
engine/object/base	engine/object/base/itemtype.cpp	TypeManager	loadSoundProfiles	2551200
engine/object/base	engine/object/base/object3d.cpp	cObject3D	changeAnimationWrite	2552239
engine/object/base	engine/object/base/object3d.cpp	cObject3D	getBoundingRect2D	2552468
engine/object/base	engine/object/base/object3d.cpp	cObjectFactory	create	2552596
engine/object/base	engine/object/base/objectfactory.cpp	cObject3D	renderArrows	2552828
engine/object/creature	engine/object/creature/creature.cpp	cCreature	attachEquipment	2555236
engine/object/creature	engine/object/creature/creature.cpp	cCreature	changeLinkHorseRead	2555788
engine/object/creature	engine/object/creature/creature.cpp	cCreature	equipment_getSlotType	2555316
engine/object/creature	engine/object/creature/creature.cpp	cCreature	exeScript	2555988
engine/object/creature	engine/object/creature/creature.cpp	cCreature	getMotionX_isInFamily	2556084
engine/object/creature	engine/object/creature/creature.cpp	cCreature	getSlotAttachBoneName	2555392
engine/object/creature	engine/object/creature/creature.cpp	cCreature	getStaminaRecovery	2555456
engine/object/creature	engine/object/creature/creature.cpp	cCreature	getState	2553820
engine/object/creature	engine/object/creature/creature.cpp	cCreature	grnWearEquipment	2555172
engine/object/creature	engine/object/creature/creature.cpp	cCreature	handle_event	2552976
engine/object/creature	engine/object/creature/creature.cpp	cCreature	inventory_putItem	2554800
engine/object/creature	engine/object/creature/creature.cpp	cCreature	levelCreate	2553240
engine/object/creature	engine/object/creature/creature.cpp	cCreature	levelEnter	2553448
engine/object/creature	engine/object/creature/creature.cpp	cCreature	levelExit	2553688
engine/object/creature	engine/object/creature/creature.cpp	cCreature	levelLog	2554076
engine/object/creature	engine/object/creature/creature.cpp	cCreature	render	2554324
engine/object/creature	engine/object/creature/creature.cpp	cCreature	setScript	2555936
engine/object/creature	engine/object/creature/creature.cpp	cCreature	subtractLife	2555664
engine/object/creature	engine/object/creature/creature.cpp	cInventory	Instance	2554908
engine/object/creature	engine/object/creature/creature.h	cCreature	canWalk	2556528
engine/object/creature	engine/object/creature/creature_collision.cpp	cCreature	collision_detect	2556856
engine/object/creature	engine/object/creature/creature_collision.cpp	cCreature	state_Fighting	2557055
engine/object/creature	engine/object/creature/creature_fighting.cpp	cCreature	state_Attacking	2557840
engine/object/creature	engine/object/creature/creature_fighting.cpp	cCreature	state_Fighting_init	2557492
engine/object/creature	engine/object/creature/creature_fighting.cpp	sState	getParam	2557308
engine/object/creature	engine/object/creature/creature_generator.cpp	cCreature	state_proc_Magic	2566722
engine/object/creature	engine/object/creature/creature_generator.cpp	cCreatureInfo	getWeaponSkill	2565920
engine/object/creature	engine/object/creature/creature_magic.cpp	BcCreatureQueue	pop	2567094
engine/object/creature	engine/object/creature/creature_magic.cpp	cCreature	state_proc_Magic_Interpret	2566900
engine/object/creature	engine/object/creature/creature_magic.cpp	cCreature	state_proc_Magic_Send	2567018
engine/object/creature	engine/object/creature/creature_magic.cpp	cCreatureQueue	pop	2567144
engine/object/creature	engine/object/creature/creature_main.cpp	cCreature	getInteractionEvent	2567720
engine/object/creature	engine/object/creature/creature_main.cpp	cCreature	map_fill	2568200
engine/object/creature	engine/object/creature/creature_main.cpp	cCreature	setBehavior	2567936
engine/object/creature	engine/object/creature/creature_main.cpp	cCreatureQueue	getIndex	2567288
engine/object/creature	engine/object/creature/creature_moving.cpp	cCreature	state_Main_ItemDo	2570232
engine/object/creature	engine/object/creature/creature_moving.cpp	cCreature	state_proc_AngleMoving_init	2569287
engine/object/creature	engine/object/creature/creature_moving.cpp	cCreature	state_proc_AngleMoving_moveEvent	2569450
engine/object/creature	engine/object/creature/creature_moving.cpp	cCreature	state_proc_Moving_default	2568736
engine/object/creature	engine/object/creature/creature_moving.cpp	cCreature	state_proc_Moving_init	2568823
engine/object/creature	engine/object/creature/creature_moving.cpp	cCreature	state_proc_Moving_target_position	2569012
engine/object/creature	engine/object/creature/creature_moving.cpp	cCreature	typeToMotion	2569548
engine/object/creature	engine/object/creature/creature_states.cpp	cCreature	getMotionIdle	2571988
engine/object/creature	engine/object/creature/creature_states.cpp	cCreature	mountAt_getParam	2571567
engine/object/creature	engine/object/creature/creature_states.cpp	cCreature	moveDoorPosition	2570788
engine/object/creature	engine/object/creature/creature_states.cpp	cCreature	state_Dying	2571748
engine/object/creature	engine/object/creature/creature_states.cpp	cCreature	state_Main_Idle	2571100
engine/object/creature	engine/object/creature/creature_states.cpp	cCreature	state_Main_ItemDo_container	2570564
engine/object/creature	engine/object/creature/creature_states.cpp	cCreature	state_Main_ItemDo_inventory	2570391
engine/object/creature	engine/object/creature/creature_states.cpp	cCreature	state_Main_ItemDo_useable	2570720
engine/object/creature	engine/object/creature/creature_states.cpp	cCreature	state_proc_Jumping	2571260
engine/object/creature	engine/object/creature/creature_states.cpp	cCreature	state_proc_Jumping_init	2571352
engine/object/creature	engine/object/creature/creature_states.cpp	cObjectFX	receive_event	2572136
engine/object/inventory	engine/object/inventory/inventory.cpp	cEngine	load	2584012
engine/object/inventory	engine/object/inventory/inventory.cpp	cInventory	addKey	2583664
engine/object/inventory	engine/object/inventory/inventory.cpp	cInventory	hasKey	2583808
engine/object/inventory	engine/object/inventory/inventory.cpp	cInventory	load	2583884
engine/object/inventory	engine/object/inventory/inventory.cpp	cObjectManager	createFx	2584148
engine/object/items	engine/object/items/item_armor.cpp	cArmor3D	getWeaponType	2576504
engine/object/items	engine/object/items/item_armor.cpp	cArrow3D	loadModel	2576680
engine/object/items	engine/object/items/item_arrow.cpp	cArrow3D	load	2577204
engine/object/items	engine/object/items/item_arrow.cpp	cArrow3D	render	2577079
engine/object/items	engine/object/items/item_potion.cpp	cItemStats	generateUnique	2578508
engine/object/items	engine/object/items/item_weapon.cpp	cWeapon3D	getWeaponHand	2583212
engine/object/items	engine/object/items/item_weapon.cpp	cWeapon3D	getWeaponType	2583280
engine/object/sfx	engine/object/sfx/sfx.cpp	cObjectFX	updateWorldPositionFromOwner	2572600
engine/object/sfx	engine/object/sfx/sfx.cpp	cObjectManager	load	2572780
engine/scenery	engine/scenery/scenery.cpp	cAnimals	load	2588780
engine/scenery	engine/scenery/scenery.cpp	cEngine	cEngine	2589380
engine/scenery	engine/scenery/scenery.cpp	cEngine	~cEngine	2589448
engine/scenery	engine/scenery/scenery.cpp	cMixLoader	cMixLoader	2589024
kernel	kernel/events.cpp	cEvent_idle	load	2641740
kernel	kernel/events.h	cObject3D	animationCreate	2552088
kernel	kernel/kernel.cpp	cKernel	receive_event	2642220
kernel	kernel/kernel.cpp	cKernel	registerListener	2642088
kernel	kernel/kernel.cpp	cKernel	removeListener	2642128
kernel	kernel/kernel.cpp	cKernel	update	2642164
kernel	kernel/kernel.cpp	cParticleSystemManager	create	2642348
kernel	kernel/kernel.cpp	cTimedEvent	load	2641956
library/dx7	library/dx7/dxdriver7.cpp	cDxDriver7	setDirectDrawMode_id	2605136
library/dx7	library/dx7/dxdriver7.cpp	dx3DDriver	createSurface	2604216
library/dx7	library/dx7/dxdriver7.cpp	dxDisplay	dxDisplay	2603848
library/dx7	library/dx7/dxdriver7.cpp	dxDisplay	init	2605072
library/dx7	library/dx7/dxdriver7.cpp	dxDisplay	setDirectDrawmode_id	2604968
library/dx7	library/dx7/dxdriver7.cpp	dxDriver	createSurface	2604036
library/dx7	library/dx7/dxdriver7.cpp	dxDriver7	BeginScene	2606836
library/dx7	library/dx7/dxdriver7.cpp	dxDriver7	copyOff2Back	2606644
library/dx7	library/dx7/dxdriver7.cpp	dxDriver7	createClipper	2604660
library/dx7	library/dx7/dxdriver7.cpp	dxDriver7	createD3DDevice	2604704
library/dx7	library/dx7/dxdriver7.cpp	dxDriver7	createDirectDraw	2604740
library/dx7	library/dx7/dxdriver7.cpp	dxDriver7	createSurface	2604148
library/dx7	library/dx7/dxdriver7.cpp	dxDriver7	createZBuffer	2604424
library/dx7	library/dx7/dxdriver7.cpp	dxDriver7	dxDriver7	2603908
library/dx7	library/dx7/dxdriver7.cpp	dxDriver7	enumZBufferFormatsCallback	2604252
library/dx7	library/dx7/dxdriver7.cpp	dxDriver7	flip	2606400
library/dx7	library/dx7/dxdriver7.cpp	dxDriver7	init	2605364
library/dx7	library/dx7/dxdriver7.cpp	dxDriver7	lockBack	2606512
library/dx7	library/dx7/dxdriver7.cpp	dxDriver7	lockOff	2606604
library/dx7	library/dx7/dxdriver7.cpp	dxDriver7	setDirectDrawMode_id	2605008
library/dx7	library/dx7/dxdriver7.cpp	dxDriver7	setViewPort	2606676
library/dx7	library/dx7/dxdriver7.cpp	dxDriver7	waitForVerticalRetrace	2606560
library/dx7	library/dx7/dxdriver7.cpp	dxDriver7	~dxDriver7	2603936
library/dx7	library/dx7/dxfont.cpp	cFsFont	getNewLine	2618224
library/dx7	library/dx7/dxfont.cpp	cFsFont	printC	2618136
library/dx7	library/dx7/dxfont.cpp	cFsFont	printS	2618168
library/dx7	library/dx7/dxfont.cpp	cTtFont	copyTtFont	2619520
library/dx7	library/dx7/dxfont.cpp	cTtFont	getNewLine	2619808
library/dx7	library/dx7/dxfont.cpp	cTtFont	getNumLines	2619860
library/dx7	library/dx7/dxfont.cpp	cTtFont	getStringWidth	2619752
library/dx7	library/dx7/dxfont.cpp	cTtFont	printC	2619656
library/dx7	library/dx7/dxfont.cpp	cTtFont	printS	2619704
library/dx7	library/dx7/dxfont.cpp	cTtFont	showEntireFont	2619912
library/dx7	library/dx7/dxfont.cpp	cVsFont	getNewLine	2618752
library/dx7	library/dx7/dxfont.cpp	cVsFont	getNumLines	2618428
library/dx7	library/dx7/dxfont.cpp	cVsFont	printC	2618596
library/dx7	library/dx7/dxfont.cpp	cVsFont2	getNewLine	2619156
library/dx7	library/dx7/dxfont.cpp	cVsFont2	getNumLines	2619352
library/dx7	library/dx7/dxfont.cpp	cVsFont2	printC	2618992
library/dx7	library/dx7/dxfont.cpp	cVsFont2	printS	2619056
library/dx7	library/dx7/dxshapes.cpp	cTextureLoader	cTextureLoader	2620152
library/dx7	library/dx7/texturemgr.cpp	cTextureLoader	generateLookup	2620496
library/dx7	library/dx7/texturemgr.cpp	cTextureLoader	loadLookup	2620372
library/dx7	library/dx7/texturemgr.cpp	cTextureManager	createFromPak	2620540
library/file	library/file/file.cpp	cFile_memoryMapped	open	2621344
library/file	library/file/file_cached.cpp	cFile_cached	async_read	2621668
library/file	library/file/file_text_tokenizer.cpp	cResourceMgr	destroy	2625312
library/formats	library/formats/tga.cpp	cMonitor	cMonitor	2626696
library/formats	library/formats/tga.cpp	cScriptCompiler	parseArmaStatement	2626820
library/math	library/math/nurbsc.cpp	cDxDevices	dxGetDeviceModes	2603688
library/timer	library/timer/timer.cpp	cTimer	debug	2602304
library/timer	library/timer/timer.cpp	cTimer	update	2601924
library/timer	library/timer/timer.h	cGrannyModelManager	cGrannyModelManager	2549132
library/timer	library/timer/timer.h	cGrannyModelManager	getMotion	2549232
library/timer	library/timer/timer.h	cTimer	getTicks	2548928
movie	movie/movie.cpp	cMovie	playMovie	2633312
movie	movie/movie.cpp	cUI_Character	cUI_Character	2633684
particle	particle/particle.cpp	cParticleSystem	load	2642584
particle	particle/particle.cpp	cParticleSystem_mouse2D	~cParticleSystem_mouse2D	2642900
scripts	scripts/scriptcompiler.cpp	cScriptCompiler	loadScriptedSequenceR	2627908
scripts	scripts/scriptcompiler.cpp	cScriptCompiler	parseResource	2627992
scripts	scripts/scriptcompiler.cpp	cScriptCompiler	parseStatement	2627692
scripts	scripts/scriptcompiler.cpp	cScriptCompiler	save	2628780
scripts	scripts/scriptcompiler.cpp	cScriptCompiler	saveResources	2628844
scripts	scripts/scriptcompiler.cpp	cScriptVM	load	2629056
scripts	scripts/scriptinterpreter.cpp	cScriptCompiler	load	2629540
scripts	scripts/scriptinterpreter.cpp	cScriptInterpreter	findScriptFunction	2629452
scripts	scripts/scriptinterpreter.cpp	cScriptInterpreter	interpreter	2629260
scripts	scripts/scriptinterpreter.cpp	cScriptInterpreter	load	2629604
scripts	scripts/scriptinterpreter.cpp	cScriptLoader	getResource	2629932
scripts	scripts/scriptrpc.cpp	cMSS	cMSS	2632492
sound	sound/sound.cpp	cMSS	advanceTime	2632816
sound	sound/sound.cpp	cMSS	debugChunk	2633148
sound	sound/sound.cpp	cMSS	getHandle	2633212
sound	sound/sound.cpp	cMSS	playSFX	2632732
ui	ui/console.cpp	cEventFactory	create	2641420
ui	ui/console.cpp	cUI_Manager	endThread	2641004
ui	ui/console.cpp	cUI_Manager	runThread	2640944
ui/commands	ui/commands/uicommand.cpp	cCommand_armaPlay	execute	2640576
ui/commands	ui/commands/uicommand.cpp	cCommand_armaStop	execute	2640612
ui/commands	ui/commands/uicommand.cpp	cUI_Manager	~cUI_Manager	2640788
ui/commands	ui/commands/uicommand.cpp	cUI_ManagerThread	thread	2640688
ui/controls	ui/controls/uibutton.cpp	cUI_Control2	getScreenRect	2639832
ui/windows	ui/windows/uicharacter.cpp	cUI_Character	render	2634364
ui/windows	ui/windows/uicharinfo.cpp	cUI_Minimap	receive_event	2635168
ui/windows	ui/windows/uicharinfo.cpp	cUI_MonsterHealth	receive_event	2635232
ui/windows	ui/windows/uicharinfo.cpp	cUI_textLines	addText	2635756
ui/windows	ui/windows/uidialog.cpp	cDiaryPage	addResource	2636212
ui/windows	ui/windows/uidialog.cpp	cUI_TeleportDlg	receive_event	2636024
ui/windows	ui/windows/uidiary.cpp	cUI_Diary	addPicture	2636488
ui/windows	ui/windows/uidiary.cpp	cUI_Diary	addText	2636412
ui/windows	ui/windows/uidiary.cpp	cUI_Diary	load	2636648
ui/windows	ui/windows/uiinventory.cpp	cUI_Chest	closeWindow	2637896
ui/windows	ui/windows/uiinventory.cpp	cUI_Chest	receive_event	2637836
ui/windows	ui/windows/uimap.cpp	cUI_Megamap	addTeleporter	2638328
ui/windows	ui/windows/uimap.cpp	cUI_OverviewMap	receive_event	2638236
